temperature_c,humidity_pct,pm10_ug_m3,wind_speed_kmh,phri_score,projected_er_surge_pct
28.108904159657687,58.81623953671184,331.16333795735454,59.814680684161694,61.784401211235874,22.4482304372701
48.275000724347066,68.73451177530978,102.74545381047979,36.52162890916988,61.79958336179642,20.834864779073534
40.619787963399176,25.03743190339992,438.74939041031115,48.494616310165064,75.44730007673012,25.76984115046787
35.95304694689628,54.98992796855991,314.2957947532359,31.16289787835527,61.99887584010409,20.945726773177903
20.460652415485278,50.739678651499894,95.45786410733804,42.80207465254629,38.338822550460804,14.730697325031667
20.459808211767093,71.62643014306168,481.9222675909793,25.43455624526712,64.58462339473476,22.142396743977457
17.03292642588698,77.48696483850084,268.81542240095393,23.06954118712672,49.45303465653409,14.618831876105705
45.31616510212273,5.972541718190945,54.9912568983944,39.69378717017082,46.265902546470606,16.120586373163196
36.039025411012304,58.92159352470341,320.87979411923226,34.88778045103882,65.8775028920485,20.75158701052508
39.78254022286159,9.146863929578322,141.53547536614892,39.772182148998866,48.70607288699922,20.323471413082082
15.720457300353086,48.908693206188474,405.7728569011052,22.199634877221378,51.29572169123856,16.50500072116265
48.9468448256698,28.010618323494256,412.5545953117715,27.017469909019717,76.61538969576675,26.572589245481765
44.13549242801476,29.542127961771296,489.8947308102377,10.033877637734559,76.53937032294888,27.176083715083813
22.431868873739667,33.23668027618852,260.8973748917618,8.136582336332342,39.857052464185664,13.516981121446136
21.36387385224852,54.70339592396881,238.37930226931383,20.207427780380975,47.73720224407915,16.272975183228414
21.419157844870185,31.723997253501537,381.6682906143107,9.454811559832745,46.242067491513914,16.817464551271183
25.64847850358382,63.615924047222435,83.58591504412475,11.226482518084442,36.14634446043057,14.940544499345116
33.36647510712832,37.36219084590957,282.5194466206996,53.775704323636226,59.56757530931343,21.999914980985647
30.11807565247405,10.46825602479669,282.19884806280845,7.332421821001358,47.29081905983885,18.769557488803912
25.193019906931468,67.70078739872858,62.94709894898587,44.53656763608456,44.230542822421164,13.910761325707153
36.414851315283286,27.86066596741648,220.63236104331853,21.35346492892403,48.08915823376747,17.307249331701655
19.882285122821465,39.62135036794101,429.57670331225694,57.29274084248759,59.088688891739395,20.913910190196205
25.225062698732636,59.835510657752124,430.9537385574369,34.09953707464997,59.93983392030667,21.505578809622435
27.822664515279207,31.59649257189696,67.63407916144688,23.334587559669544,35.12874749565391,14.359409579432228
30.962449447596256,9.52685249173725,63.54602371895881,36.05833614136607,36.341767138502775,12.388434773787889
42.481158648755475,34.913683761025084,146.09382896092893,27.91748114271613,56.61835058658227,19.20816765547266
21.98858237554259,80.55588661554427,439.8877100259169,38.85806388018981,66.25881009925105,23.99155473086586
32.9982053444764,56.33875178388465,81.87324083527949,11.871972099580894,44.36455017474399,12.860288469811625
35.73450991017148,58.71833189337656,365.5984652611742,64.81943016875306,73.41484303904012,25.339916989980775
16.62576444519992,55.58257229101119,68.55949741428955,30.533352661803054,29.928573347916267,10.273704137842513
36.26406981655035,20.919371116754945,319.10616979895616,25.89383838244212,55.36779168201667,17.998189164245446
20.968344329055203,38.46670912818241,190.9123035771895,47.612590898975895,43.260346379312104,16.7267097497941
17.276805754484784,65.07518386906546,398.67870222361614,26.83396438971995,52.33945078955574,16.72544730032958
48.210993803866664,13.109831804252732,132.17141543617453,54.99645830172546,60.23431993984924,20.878202406401538
48.79712115760958,27.22822208717698,326.81687810718074,32.256243461625516,70.28302228282543,25.038793636973352
43.29390718407614,27.10552867726829,133.1276165964248,48.17350479592609,57.292172290184595,22.082437643778785
25.661481921067974,39.56151420756048,362.55693589383384,11.447192986513192,52.517282596079625,18.365214256306587
18.418523990223434,83.42949927537481,439.3654565891594,55.767151133306704,66.50926349371477,24.68247261399248
38.94815592792549,10.400203734705755,80.86486358084483,49.14307920668659,45.81823335454429,17.08727477000619
30.405337280886044,46.496079550447604,435.9659305258417,17.70300670771794,64.25520961630848,22.67450969996168
19.27133821956726,19.349174560976834,304.91612211886303,13.717160584747198,40.75785065057716,12.630977615291823
32.33119185389445,82.65412363277953,81.0130356161715,23.977540923537465,48.14425954718232,14.698619550157288
16.203598239032644,14.064280378197136,225.22009057266177,63.56423516191426,38.06620548420621,13.482930021600952
46.826214072757374,37.288080188927296,97.21294087284699,20.409894474023517,50.35591770030095,16.810525884251412
24.05729935600059,64.03079878676849,356.16698665595334,32.367632536798,60.891749660642986,22.691004018746984
38.188279952389365,61.364354242195624,384.2567045206158,6.801213543040179,69.07918432718816,25.29649929166372
25.909887663129382,38.818290951514584,70.7823297309435,28.83365177397395,35.756293182168925,12.237786122103548
33.20238074122338,32.721933436217455,262.94712929342927,39.27920092598617,58.81809284203696,18.84976310880103
34.13485977701479,36.808990284229644,411.0200268924402,62.187476750477906,69.94903245933567,25.24826468517839
21.469905943393446,26.142101052691142,469.35825994447833,36.00416269640387,61.74117636248185,20.08248755766592
48.93546197175955,21.426635096543983,266.4885760360496,54.146439570661265,69.10291898721596,23.048325761129288
42.12964881763901,43.6431758047112,476.1340273334754,37.82765855413403,76.93402706002752,25.457785863686897
47.88246295474662,26.482700485408586,277.1307058188943,7.447100806131086,66.4374767712059,23.04536533701213
46.31895726496771,27.99693319178001,209.21143740795583,23.900496511386443,61.29528474703002,23.208638162566345
35.92649925838798,57.54048507796456,427.1375017053898,39.53297046986619,72.67742243574412,25.429536547175147
47.265598225809086,82.48298653599137,256.6317010198827,62.03563795586746,78.46572214520101,26.79817471217881
18.097237571817182,53.29097604475001,246.51320507097105,56.547821585074,46.99821417757755,14.160952567084276
21.859400184670083,11.158357365197302,255.34999491671758,18.701336850730858,41.36569101690938,15.306178733013045
16.58295511186883,11.046689108325358,426.45680089747776,18.20658980114981,42.594127788163654,13.737337816964336
26.38656157671425,81.11385766764528,419.33194001026504,17.070378026834046,63.02858647725242,22.23628169577549
28.60370513913187,28.78326322458669,213.68959637130138,60.34993377815019,52.73866394072284,17.927204455378032
24.497216112086356,12.365358886598035,179.983932737852,56.15996918610324,41.57499367874248,15.808513616959022
44.00581282031753,52.92356697203053,256.12545153878204,51.493005935176924,68.8431952045761,23.85926373355881
27.486366434275624,54.89190226322129,294.9308046738123,28.564106853453655,52.2550501831902,18.20087803233199
24.832707839058326,56.88038560949505,134.40186110143856,35.26284225792601,46.539637275165255,17.01749376749103
33.9943629105387,26.392162228603304,401.0984406634835,32.85990468770917,66.30653689484483,26.367698186590466
19.932347874116694,6.208854737158003,253.51172755156298,20.203886453562358,37.10792649509185,14.32044466881998
43.07689432639139,82.20122955635775,180.3418632415806,35.301682768926014,63.64933614616878,22.144358491636158
17.60927252879198,25.0714436552882,71.2740766227155,6.829792871165267,25.872213353637036,9.060071659695895
49.541042781018106,59.0821030442038,134.64567699373134,12.908622409847549,63.729376887036615,21.51799271997616
42.02856692538301,61.530389590296764,475.65496244287215,58.195375770136785,86.3694049714942,28.804298184743427
21.955048853696034,53.800593366358854,166.44784967337276,50.1007860218854,48.78633804582358,16.246092135438765
15.193274099326084,30.032591537091857,101.05245889617694,30.372104543545223,26.227349552282515,8.021348897730967
43.5411499959192,26.68770030112526,241.12293999439675,36.029021737032636,59.222910285804716,21.70807117572548
39.740007034666604,52.81346261621625,167.40211681291936,27.199933157598647,52.93999569776319,16.922206207413634
40.515250881434554,74.28765068893532,36.876440130173194,49.44679202964035,54.08404784970479,20.929232589466743
41.9944621340081,80.73869831387165,175.1097042941203,52.05123075392478,65.75115096218794,24.14097241219402
17.591562810693162,13.47246435230061,281.1721394909449,50.797111412189544,42.728997620563156,14.985901761248606
27.546300499049543,17.386289007817588,284.8219385695841,48.35670349006698,53.109137205110756,18.588675938986366
19.055417083379538,80.57890070264637,191.14828216490656,17.27026032156775,45.64338578001163,15.139263058582237
45.208619905645776,63.92281826678341,234.7053230012483,25.278198754428725,62.74453770668051,22.365714814359826
36.81543443896453,75.63950598638185,483.44860075268787,33.190726099020495,78.18726374587489,28.997681005869094
26.58143086984272,21.210610730827455,201.12726907054957,24.847579485659338,43.71558654091993,14.245720595938254
17.22454226001083,52.00686968875215,143.94887036479184,50.29641200949974,37.906809534782575,10.967295203795803
25.884381260048176,61.091167553397895,136.86418115204486,24.76121145499728,41.392576591117525,15.542229189176247
26.381416270936146,59.408950835757814,239.7270140979844,13.29392520712023,50.73357365671803,18.243299741217008
40.53621624183224,37.65213526933585,384.56967138413313,28.942427122898245,66.55230258743583,21.613007703440772
37.31451149743246,6.231591335304678,118.87432841046714,63.79486596694282,47.617943552384,15.566193186963222
46.05244599017143,51.63408454434105,360.4621410275687,18.55288477601455,73.12711950818694,24.305835416790213
31.527522380668227,25.2481231343687,30.151915207719817,41.72951953659374,35.93359054520915,11.489958287271827
19.18579860784056,41.020339691431225,221.0878294322941,30.97838299038238,42.96963249661441,14.55384724275326
39.963567552804825,81.60648120670538,392.4152312973377,9.261474058959598,71.86620618637708,24.75335120881086
41.62747670159141,36.922825411394776,182.59181877172708,34.272596359883565,59.335156668164174,19.79111435125477
34.64470191493237,72.18412853315414,290.59380869379174,47.12985971889875,65.36629192819272,21.74095644561756
41.98385129840963,20.08324845994009,118.39003175643718,35.79319854966913,51.342724882604195,17.626777193032396
32.282845872753676,58.796839842002306,376.1577877405627,57.32636382479486,70.65837626870757,24.98196899633699
33.295649028369795,83.16055635511547,45.093969569004614,22.33622099945496,44.202989254513184,14.996601434532348
29.963935642549238,13.151448069834943,429.2204695402402,10.174950278237896,53.33588982048222,20.405561972180728
15.88966943604333,5.665595378175361,115.1342654824007,61.19393669948037,31.08447590572531,11.641698138635038
18.776199944765658,39.686623410609144,439.71105521999874,27.69178097169314,55.854272737295425,17.162726672765352
16.100021499035698,12.410038644109376,189.21403582424833,39.584333087218,34.753062285438034,12.949163448024091
37.274364394232315,64.8707479740985,366.88811574775355,52.52018756781176,72.2821008073365,26.20705125644615
26.002459337671432,78.16389310788472,173.22814293737048,24.458819832534836,47.2857831632679,15.897921654957475
32.7999741907646,39.721677816700705,454.8376021926308,47.96987229065667,74.90664809922959,23.97453045377562
46.76482658741325,25.696931372435277,80.78582024881969,13.125130989069682,45.85171898291596,16.06020178313729
23.725228020210622,39.75226552052878,105.68949885084737,22.477624832330317,37.02027738229708,12.945534106580611
29.36340230624704,62.875825428000084,256.65446007622506,13.682638168191195,51.6933667436225,16.41020900546808
41.44428984900671,5.724332926429678,59.33045073831014,53.67383350408147,45.163346634953754,13.630342497843909
23.007935792206787,52.15631915877577,114.07048865684573,18.358954113607123,36.20323277892838,12.539801152944772
17.694296844007756,54.063334790990325,473.0078634617669,48.044213324312615,60.6320786341663,20.87161173388197
25.14130085198188,56.01505975167484,488.7150373509858,61.59790383473916,72.66750122719809,24.807727381535738
20.642745053890152,24.361766398470177,200.60447807860254,36.66633254413262,42.2301091665894,14.655422106186448
47.53941783199006,62.12421787025014,463.1772900866891,37.40175153564126,86.05571193692559,28.465334617193477
43.28421328475459,12.311318906542112,281.5158443232472,32.66201408586872,61.05294357110344,20.71629933058703
37.16913147786482,20.941626917344067,149.47638361940818,24.553408603618564,44.87464487557049,16.506113252371193
45.50112065657012,75.19760373235856,357.15138611868736,33.539301855495026,78.50611348156617,26.952184598021226
43.128522691469,64.09785205812531,336.27286715593146,41.16845193600557,77.85050334569716,24.739717463305176
21.529952061011254,6.09964432090762,494.780153172192,64.15949433023957,61.17777181858548,20.70318171991956
46.23956494714922,24.87010082958402,147.222697956456,61.26587355909345,59.02805643170422,19.05458205583619
33.87697846704778,22.152518639453163,342.588561277633,56.72917749758731,61.387649810969556,21.88638187853194
43.26040543074219,26.664506242957806,44.97140241413451,58.3478321422915,49.112574572793925,17.66765720554851
46.363195497322266,24.804781622390912,74.55009857442532,33.07095099752257,45.26360300515611,13.35409911417559
26.130121624015235,10.002103659427659,21.880819976524766,44.446659630647886,31.09566382257277,12.022001793773752
18.851817358468686,41.71524132774563,499.7411269086431,58.70400337617285,63.015800813428704,20.387250832782208
22.97773068896796,63.61867798289321,405.09137463078935,28.577045899481185,57.14329136367732,22.33892541301059
29.94877260191897,53.53853797739491,397.6270470720996,62.70574870072813,70.2880360727605,24.52764822871525
43.63051680728726,58.82973348784638,264.66851613832625,29.94716372415098,64.36980027491302,20.65983984841081
45.12557041397202,11.491934282899132,164.03219979461116,41.06495992359294,54.49558519769532,17.36047571315434
15.243324568591675,81.11925681414297,92.60685654208444,47.58828279634231,40.57623903108104,14.72382659855938
32.8761555902148,72.07934670744199,156.64387464630255,62.0355207845563,54.12168336241692,18.355639341998355
29.609385110207263,69.40722547965302,200.46618652598679,19.676976443135963,47.87702513247102,16.611977931937645
22.77377336647556,70.8387044033414,383.0288465505412,49.767858694318534,63.30515009053258,24.57597288073196
19.1952878566789,79.6168406506209,279.03765867351314,36.248935168644934,54.30878652790932,17.959209188424648
26.81653099912698,48.54031728909582,57.192140746631694,21.113428437238465,32.605242871928894,11.501779291718671
48.00183963693817,21.02256142941007,28.653924300277875,51.596410387783436,51.746925868339204,20.2411907849783
26.312102620726435,54.34268862820329,69.11944617635031,38.13333681043079,40.64906524742681,14.632943049798984
33.15767176101781,64.43051949343513,217.0393825747421,44.658429238980546,53.64492675124548,16.365820259898907
39.60566356133123,64.03339146832204,467.9326001835288,24.374064114674063,79.1238334172139,28.451425213623068
27.727036083275287,46.71592193335041,325.95319098042637,33.8764371096563,58.59844330060218,18.764950868535596
49.012372895233625,10.476697546686244,404.87643194024724,42.041255059284026,74.5050756173928,28.186987759186927
48.68565532297389,34.68903507441023,243.8598053621833,29.29464885619064,67.91170845608815,22.534796552133884
23.812380353887747,78.66132867706858,193.59971993362055,16.902352390862077,49.088616898796765,21.635280176197366
32.40369770623349,51.75591278059408,72.03217890397892,62.69842953891824,47.89175196234858,18.96317716931352
25.53074084358694,48.066555460457074,440.4478506493784,35.68805240255705,62.66132795911001,20.736545931246532
24.969417303211365,26.50828115057548,395.91681393339337,49.03522221726203,56.72532895065018,19.88388584022998
16.291043157408648,34.47591359332631,100.69668684690805,29.662831613363487,29.415409998814688,11.425859922035336
36.33475168929639,76.62768713225354,265.88507066060504,26.30790584154298,64.07169947000342,23.600585525841257
32.59376581301015,58.317043802146856,253.93990780219755,29.4298579080275,56.15427446023519,20.317500451046612
16.801756293749627,67.99096214018662,320.0439452895337,29.551798627138986,45.86980903393371,17.932671717325963
24.752626248281402,41.34763384541241,474.1697091158054,37.650806956517215,67.11224021077038,23.304830653818076
46.78930600883288,55.41977755649263,298.2902920459902,37.60819219888179,72.37777721300384,24.78214552168729
23.384666173344037,24.8706886994566,279.3042880537369,34.8292289529723,46.20599155014054,15.65180106066227
20.07132052319281,61.436866422678904,44.15500780863869,13.087147095046285,31.94734614755684,12.469130999603085
32.13084660971471,39.20810669626698,50.19558848865149,34.76452871003187,43.1152229236732,15.638099583739589
49.497765893871026,40.403641185179644,109.92645983685867,15.146234025239089,49.91353566036939,17.90666297966467
23.471934502902513,56.94578596615053,35.585970412039174,12.56814717774591,32.47441032275232,12.558894986849085
38.52474415920575,79.90244971751413,376.80938987360594,60.95874304047007,75.03691351744774,23.186341119325927
41.65668653650512,10.120507728689674,367.1985459171023,41.297000788862256,67.44511615756862,24.07089389096174
23.317314039733986,70.97945898776061,85.30699252718861,44.56940348747506,41.8951716026715,14.991163394245598
40.487572201415084,28.39064883297545,421.31787238173484,29.107620220001827,71.5705906656812,27.552918854939474
27.87240964517386,40.51355636051022,94.29729672613375,59.538853514891855,42.48282721418308,12.576107551568578
37.13070407077528,6.7530663020007164,164.56428175873222,43.27582937477993,44.67280404064756,17.971261362791783
37.17353987663131,29.083686226745044,139.5089115974552,51.15019217141525,50.27344257482752,17.70881859457663
33.752113942616546,45.210499410410435,198.70740731506294,27.113748141662832,52.379872439654896,19.06643964986928
18.16014195190429,9.494086187795121,142.2386076271817,62.60071284914753,36.8826726593955,15.42281361220249
44.23558734562333,44.28765835065321,254.69644469045699,54.2276774094989,65.26351821498343,23.68337327725256
26.227302274010754,79.16885030867418,215.555783050249,56.23690778087262,58.03403900146929,20.91246608470809
21.5281478639949,13.431457448624418,493.55335557407676,15.331656045545257,54.680463797316946,19.501599107764406
16.42712995441674,66.15525824604035,46.84464806154832,21.25779247227317,30.105845323975903,9.8118286609
35.68125301158847,37.773684270079414,88.24706066592879,22.137595981014623,42.53107510223995,14.843142599018394
38.71475266447989,57.41389716194704,45.35642907612919,21.25455339481227,46.15954276731668,15.082570819376715
15.580574012474965,25.818927838818347,320.40377359154036,56.324489726257276,48.59567348153071,16.941635369397524
32.92325704047484,17.75938100330866,46.1644531585854,6.913087712515527,30.76758030833086,7.264757062333157
22.92735213192783,17.837009141698115,421.4910739405392,9.565999338846458,50.528567793261985,18.32855807899302
37.58104766433075,10.639355651451572,265.7305427273253,21.434892237794223,53.69393210732131,18.610270356887018
21.1028250151747,19.85173639209944,272.96365979913617,16.992378478966618,46.19812661880728,15.6650387115824
39.182820833586305,58.13755079911746,289.56536370185324,18.9115768329709,61.31173915481429,21.788745830095213
28.53573712051881,75.53524894748064,101.99057902698115,52.876591355198,52.93228410744795,16.37595355315862
47.78554960578571,70.13005484729294,114.89134549495402,38.78759563352281,66.3402737942229,26.113000822909935
19.81323304510976,59.810744789958726,173.03231497904224,5.34623967757808,37.50358642707969,12.972104057246492
26.93732228675905,13.834549072888214,304.8782795944887,30.759365942251716,48.764409844162266,16.848776795998507
18.971573243420618,28.134995703675987,120.85653245130297,29.473095611021535,30.68377705469565,9.291227653944093
47.3642766397497,29.784550025797518,75.83922902396539,11.836716166672613,49.22240423906343,17.26376105734609
45.70687736833433,24.996555711809698,485.65610548084743,45.56850731608743,78.0072605294202,29.382981020706985
24.027956970030445,46.20045277677785,30.551271108618998,47.12583130276946,34.87080605018452,13.758656431712634
38.09944161119627,47.8443051903738,405.2947545612904,48.25359314312586,75.9139628835231,27.851543635943916
43.602777007042555,33.550878013688816,398.2568717960106,48.708256733515526,73.52898659895688,26.554743737135812
34.432028405981185,33.30313269891488,162.66277464564607,5.003169615937808,44.16077676340185,14.918458075846731
33.537770242460226,71.2844478324865,85.10077568351043,62.23524823080333,48.96840646541003,14.963697512338456
23.464830181515808,68.14342786557485,89.90175041860324,53.852526023279786,43.727843033938875,15.003186904078653
18.25859687320647,29.62366653445965,354.7671762738524,59.238901795357116,52.87579344428614,18.15272050869963
46.40255152836644,78.10307550986074,328.54716372136335,5.938597718446048,72.8115798318344,27.057244600648897
46.51463200071657,81.22520136020049,395.7179236406656,61.03152774714437,85.38087603716912,30.34739227669892
37.15855100456437,31.139403362403264,469.99096275157024,53.587311721286284,74.36693310897505,28.446893879996587
26.866042686704525,33.353995903444385,352.12513436796416,55.233148577521916,60.03894320482796,22.809862931747045
27.22233511144313,45.45073227375671,94.80873754469286,10.59724308331811,36.6883482242147,12.156178464219002
40.40844876045838,80.28966500269388,136.85245604739714,49.32668173511586,61.62649324450152,18.876578840645728
46.398859098340196,75.10555465138492,424.252990819095,62.59500137852546,87.45473852270071,32.68752133385747
46.0480248492791,13.205437006687184,120.46691640042012,45.712840485089636,56.02917993623153,21.64929081252715
42.295644105016834,36.4184594617133,54.810712138151075,39.233684277476385,50.09483428733063,15.48387461421238
37.47110761540007,49.269695179981746,357.5744259402802,61.73778066493982,71.60295682357157,27.3248949179913
17.944898774826708,45.2505978041232,213.21265063526818,31.57622730406616,43.61612791111958,15.838820524780628
20.65700499331148,20.509045434951414,461.6192252220337,40.95761397862872,58.60693134478005,20.7534542178615
46.44939659844778,73.70534169345237,332.1224341249575,33.58029760966197,78.87099967191278,30.027024766540464
36.22501708808565,59.15526263974699,63.40110933999716,60.97077328161795,52.21537640580621,20.292409501878097
15.321896806582037,72.03266998814429,474.97115228175716,9.565083605930436,53.99300096048011,19.874546764160844
18.551504000311123,73.70114234795777,144.10748654731805,35.067182049520895,43.60316557303933,15.970933549281739
38.22256191878195,64.86846829325918,181.86199539501717,46.2171464831263,59.911461436940456,21.893602938724698
15.177155434617655,40.136848099977385,213.0849985681002,52.51439230533421,40.47634796427536,13.566635636672588
20.628281799612452,53.843740401233966,44.58766227407036,39.98111884664818,33.97460796070316,11.808460611647625
34.20568262783051,17.829232489579454,258.32740267069033,59.53506464728724,55.93689207406227,18.22443649402998
39.21633191924427,58.891633397992614,79.19287571614028,61.5194868130323,54.992867682149495,18.747944025143944
37.81864408259102,19.34026045914246,212.46575681040883,8.859153391615012,48.1103985206459,16.288688664222665
22.849425831119593,60.51596724081254,188.34069823620047,29.14223237248246,47.252505198232114,15.585418764948741
39.92627274716375,23.36785286031749,390.9632400447216,6.407541303269266,63.501809745991224,22.43075316506962
23.303718062388,14.404104012017598,405.52184558371096,24.764999442466575,51.962808620337455,17.701011741067244
26.38898943557437,18.222759211436596,93.63818354676225,37.21209307823613,33.865439943900675,12.606256060893196
41.12719917913084,5.159370817525621,195.94456994202858,59.64769583059693,56.45043584454379,17.324171625649676
37.73715146665251,62.49916942828242,199.20951729527923,55.79325934792417,61.85394261961614,21.4788477257047
44.722819367296225,63.59208392467033,92.67701308932082,12.649983600319143,54.388448740476306,19.23328451943295
38.01645123051202,46.194667993060754,403.25768242457144,10.581822484453742,65.027584104429,22.293710576794826
34.89080111674151,17.909024084430698,359.46959760100316,40.35604032540002,58.32465255841917,20.15503934573286
18.278616873983236,11.68434700085518,111.38325742257666,36.92707834752696,30.698853080697923,8.366729562149485
27.870053107080174,6.530317314982961,196.02651612502353,20.98265848580143,42.96425257624502,15.572204058689994
24.282082868860392,18.259854157217656,70.78641193112682,58.96718507323011,33.490869590960074,12.69321333068663
23.539637518267924,76.26844279865173,321.5391666046611,60.64198456769321,64.62174131638938,23.35791540204193
49.055369416335594,24.32294733613454,78.25852378333744,29.15668630040976,53.10389731585357,20.144454649712024
28.758420363336615,33.341706177377255,493.24840093996056,58.418153426811216,70.86670496351591,25.105641145904322
46.22162943119896,13.427638758506655,394.72739585017393,28.03693365577836,69.83254591169556,25.15941284006985
37.0898519099042,22.788904379853623,207.31450380031762,49.20900990978201,51.86305497061393,18.38620534740015
42.8183956239577,46.53796566241641,297.7106874940901,33.55653305286345,68.84440694108747,25.126868508769356
32.59229825868172,53.620214647652205,457.4440717838762,12.35498939043098,66.35174159043663,20.857265102454637
35.19163596192257,24.628185133296885,285.9676545899965,60.67605207422129,58.973666448531624,19.300411805019053
32.23811928366024,9.618572738009377,103.75927347101849,32.245795602652194,41.08682532932511,16.760738350813426
21.83350457293156,36.28262953019189,201.77761067895648,49.06922241934422,40.277552859106706,10.40648976754304
40.28582403415268,23.73626967410673,424.70953521427776,27.03042886587753,66.33306136008378,23.006304581291303
24.827032685429952,22.564313858384153,329.2222476750166,6.13285271457408,47.131683893704306,18.25450180220861
15.851058825100884,81.78902421707642,332.34770448022414,11.031821521510155,50.37608336734045,17.491738180256508
37.59153035675087,54.30403887405792,436.0743131304748,34.77316876939547,74.68109687006555,25.530867297346894
21.198873779246714,49.55027545376767,449.10706758200223,46.397861427581745,61.85380400363614,21.8429639164956
47.916050452352,38.262008281865754,461.50043445412945,25.084119594756743,85.02135700962772,29.22779468336603
48.38750019509056,39.31554667441154,65.52761276151493,46.72930755065902,55.414095297388414,19.441207593221353
47.0202536577157,48.27240030704647,281.18048094228845,46.918135365917365,70.7807151005439,23.74817873041017
27.95555450894055,60.71438456288858,375.44457018479295,47.23615443966985,62.90676992970345,23.680381105329793
15.54098157851036,61.17168769454636,383.32488566096663,34.55131124123051,53.624995652190115,20.90364585986503
47.49114969057039,18.735512616435965,311.22377694560186,59.89316900729024,72.37500049624884,25.13116469051966
29.986445191106,45.009020166130156,100.05792088816361,34.35179107883694,45.059118474590825,13.690957335069923
48.832918666528435,37.956647602728154,402.76186589199887,32.015911609798295,74.54829581573408,25.306138780036832
48.726699198123846,74.64215730155074,365.6534400871739,16.96284914063762,77.70469724607071,26.9206610459703
44.85533094135761,55.51351369747011,61.34517034353742,23.45930524138019,52.750190273569686,19.220874911104204
25.305711222435498,47.600325313278546,242.6287158437006,7.540069551098201,46.619895746202324,14.804943676414794
28.478420501067383,14.23157137431339,103.50915177046572,43.012117616970215,38.32079827753834,12.258535919175191
44.78978350308999,53.45103114587292,181.9889819422265,19.912144635625573,60.51815024017665,21.947366790850037
26.09227018046972,14.376312454418674,28.67892425872901,23.249315269127905,26.741190677530565,10.767779985195034
20.932246134013237,31.976526045260165,212.15833683716394,51.248871299859275,46.83043758578913,15.458262087270167
34.48804418604226,16.427357185146548,283.940922154981,24.633270989687233,55.43469839622579,17.402318857752533
47.765417095627335,60.36589176194951,317.3996445570017,19.53175352078853,69.58558748862384,29.28113292295017
39.36104288362405,21.50016910689221,338.4753656617808,15.143464948022345,58.420281308455976,21.622054813592662
34.952140953127774,36.34874985504208,421.41983028918077,51.491504130917356,68.17549902234701,23.460919015170905
18.4011772819769,76.65398220950229,123.42219549235041,12.782375479401614,38.04058642317896,14.617752161408893
36.52525293447094,21.345310671917623,77.83127477046462,32.225225615021216,39.90433630875073,13.779832763491122
49.65188475364921,45.62440511670233,428.7378425110043,35.41580696463166,80.97416987272624,29.64169478910446
19.90294053327834,38.54173289328176,95.17415114847195,46.24339476114287,35.88141098543336,12.797583641566009
33.14153783273079,6.449923283658379,487.88483904137377,42.99700893997973,67.6427554711052,23.81187226213818
45.70805751747844,68.42064908582502,424.4183501113458,53.64324037671049,84.7199229698919,29.48160023711598
40.92690162139716,10.523672505167978,260.4207708270076,7.6850860355742885,51.5157901417394,15.859454549414156
39.395550934834375,42.94040167815629,491.0822839625721,22.786443486763833,76.77817583616032,29.77950389174582
39.58694293954882,49.854263595115995,66.74082997184202,21.808047126522784,45.708563507772375,14.585696347318715
27.58219029269143,55.27411652916697,165.4715653640488,13.761014335526493,43.25649913100522,13.099739331385935
25.275714549257266,60.09053034463005,326.3477192194935,22.350695231386588,55.746911453903486,19.19212918473167
43.327640441747974,25.261790681817207,188.0032968671258,23.585918848574206,55.187185157799206,17.87330708496396
43.35396881377133,5.79830213267595,465.6188249507801,36.3130677156487,73.3817792577398,25.60605355436852
45.34753115030363,62.875492988392956,51.500522325352435,44.82226873557536,54.216313035262345,20.00735533518447
46.963419339476495,47.85252794780629,283.71767938926297,27.866030816708843,67.99061494384628,25.289669581140032
32.89698396013282,71.8894162565799,303.61580834965497,48.168213878802874,65.23964678400071,24.05597245683277
32.553070314051986,70.71106903205555,333.30949941306756,25.1699203147748,60.826314000741164,20.830761818080884
42.94033126383713,72.46609342303066,142.7197871992709,22.41702063888562,57.4899297156873,20.195863141982937
37.74873757722178,43.80757279836321,194.99188520953493,37.47128335142146,56.54795818303953,20.403603940410072
39.56884070401962,31.69027166694925,424.96665423918927,6.422981618347436,64.51897470493171,19.944960010812988
42.85274343026354,68.3246562073096,113.57252910567672,9.787347418040023,56.192326004184544,20.52319115164438
46.15018696361482,41.1035290423404,416.89656664321376,30.078172615191622,79.10454691963778,25.500642490497476
26.829830489803754,19.67537571227476,290.0746029933164,61.57476268350539,51.026486475368394,20.919790164738668
28.14540334239804,73.39792156491795,385.85000537315943,48.29070679060542,70.14942294953548,23.945525405374873
18.289367894430416,75.60479014178779,362.53153580646637,10.287594170033465,52.531913475845656,18.10885695075409
35.239804934866086,42.304780491213606,119.60551778474192,55.779080766852424,51.7154164943713,16.94583512417317
16.257979582885973,11.055978184782997,293.03011348825896,48.93804623649086,41.1747356963037,13.46620244592276
31.295930634636104,36.0260871933545,436.5071133464443,41.65679154215919,68.79321539572516,27.488765742218664
33.99256221476519,69.28301275700827,227.41579366492607,54.217577636550644,62.06316351339849,23.132661762624416
25.028943824489954,77.14192228369829,483.96356970719205,29.246590864577428,68.02167117768029,21.483781244466343
35.67916411991538,21.27781939980767,237.06324804882468,18.290063051231165,48.61189371956649,19.270482152876113
16.06750874786673,10.357888962021722,88.53710560058465,35.72140334652556,22.787740485151346,9.765572582515118
16.307186606222505,75.18803625062709,206.92864643728316,37.93050533560843,44.60348714542003,15.189401807464577
43.79101962308804,36.152395118310025,476.81715506745786,37.29958232059472,80.30633040458342,28.567261054648952
27.606672449394203,48.34087714140506,173.46600768313004,38.90442748880632,48.338796781647865,16.89616275444514
19.447117942815968,82.44526496406071,436.68711673619015,61.92229509435085,67.10266223751626,26.444801639801085
33.27851410191815,10.325178233137828,443.0003272073071,59.13473738577388,65.31543763622709,21.665967889191343
41.94977435845138,56.865440596167645,188.08953167934132,57.543022193536366,62.11218493962634,21.958280643532806
22.55373596238951,10.928433805989366,59.96367586430342,53.08500865451763,33.767981094166196,11.176575386468961
36.80116665366501,35.03751427732003,367.78779639623275,61.60568643591712,68.27326143105431,21.746080893942228
17.98716127478188,69.30516361547573,169.5259035267133,10.909678500764194,38.497677570488925,16.7616445322536
16.808860240901268,39.67777862045075,395.80333484363473,20.90739568674437,47.94045827008533,15.006810525876245
33.59741210488518,84.77458831223603,232.47432716500788,34.703356739275094,61.49810931453718,21.854532041319676
33.92222925635373,49.724742795728176,252.92803632445836,55.79206958740431,59.35638389913962,18.163683455128364
37.31004655243723,30.692972210876277,393.3965152392977,35.30994269136395,69.12744209522128,23.59599892446281
40.413196680293154,22.60890607238025,203.5343989095814,49.88208436049532,58.64242864267521,21.15780325708651
49.15482278118871,33.04164274289295,232.70112575499897,13.337594314934973,61.483142162504315,20.281998787622967
33.070512190541834,34.802661900764065,200.57142500941862,20.144828778593613,48.34131341616828,17.79966247176238
26.303476552943607,10.497094217916878,196.32344733309438,48.906565702260345,42.24440645145782,14.381980620178114
42.831516816904625,34.56593595414185,272.4543569127005,14.884040533263443,57.80933394219592,21.97339064836649
24.479128794172595,42.139081579137994,408.22373336055233,26.081356079295606,56.49084975968094,21.814438785898666
30.363999724697265,62.81902017910437,193.64878972283162,20.891975468814287,50.65047066677964,16.847547592277856
17.74597334697931,57.53835877772864,271.6422658581136,25.99170165334871,46.20611033696253,16.28723790702632
15.887276019541012,61.70125241833234,341.9491162124484,47.49944294467822,52.98417732682193,18.819643404096023
48.692694513727375,5.669094550148568,149.33093422575442,27.07083086856806,53.521480634042305,19.66154216506685
44.25930421792721,22.413391966442884,153.21094635314842,38.31579935647641,56.834037247824334,19.913486031104913
39.359097213279426,57.93474307198852,468.0383009712583,10.995912623264578,74.63809876899813,26.40865100816361
29.313353054499444,43.719149454379775,367.29659519892255,53.301061594077666,64.74026155245552,22.29398183116675
21.065301202479603,5.425078053467676,297.04960458718824,27.19331753888749,38.79668437511447,13.75169933174809
20.47529649348801,69.35957139454578,330.90562612189376,43.912049542000545,48.37591616383966,18.87848094764658
23.758501435760834,66.82476586322699,34.063732689640815,48.52337609970996,38.91446424343087,14.589187347018587
34.222933264714214,48.87353303948501,316.6894234696145,17.579655326702024,56.53948423551016,20.84070294159361
40.01085729450218,10.31706606210177,264.5642591476169,58.080499097201,59.94805463656708,22.066424609001846
38.106908185120595,66.32120396260677,281.95984629412914,41.973455096417176,65.56291017194407,22.71630539335887
24.797686393108002,51.697087018509116,192.5234368787922,30.723508505088887,48.63322659719342,17.49986987438699
48.420284823211794,67.55679817263673,59.10747090221211,15.940111014693173,56.084422369891755,18.001787311958495
40.826392084351895,65.13975939166724,112.80283213378505,61.5380562740724,59.45114477548995,22.711112155896917
34.402391837899025,69.24016575662696,476.35746234208244,50.30409224789751,80.11324189958317,23.865194016339277
36.41022611820233,46.44064531236999,216.1757898900483,17.481473763994934,54.460931552255225,18.93060345478619
29.686002184972647,16.225961455481198,244.0079147988148,25.26264648345347,45.95684551387668,17.79623989558225
23.67058463254051,58.692597870375096,45.30069912965072,53.580455485284396,40.708708969785405,12.202246238980878
27.459043752794155,54.63790280415765,38.03179018111068,46.74065979292034,37.282882593034515,13.648678783987355
41.52461386625292,64.38025497592697,364.2470945824437,50.94705756294346,76.29867141565006,25.68338532560898
15.503772102041456,18.590480484058823,278.2854387781334,31.472066132775943,36.07244032797813,12.072149217009041
19.06254241774207,20.598015992023136,264.178872423808,47.98857575853001,44.095655940342816,16.85239102007914
16.610092470761344,76.23276137754628,136.69977460288095,28.189623371834823,38.7050407421078,13.843849648565453
16.425508081163954,64.99822387616567,377.48035118236265,17.675775016291787,55.19178526956384,16.265591042520796
44.94112044038525,77.65827909602584,100.7535579720761,42.9606220904816,57.66167121508549,18.716946615682524
39.62802507830083,65.69722569311367,111.16867695728962,63.56083553592765,57.217156314185736,21.489008312298147
31.59608401805638,52.77242447922415,241.14184224717224,23.636058283719777,55.09460445159618,19.95652563534816
18.424195622785053,57.33061896222989,157.41433381373162,32.65817553275238,39.69404086985441,16.51511766323547
32.20655562908913,76.13023391520079,138.78223099191024,45.44008226419122,53.751586186116036,21.337026556160556
31.571511977319798,51.304540360955244,329.7140693855992,37.490376927349274,59.47637221955246,20.30336258162317
21.062065446850532,55.59130594627099,332.46643770490135,55.605667742542956,55.2230290129446,23.08291686213484
30.184807723329058,17.518137280288045,415.768193503966,50.704562388170956,65.61293124502643,23.001245440537115
28.947665703908072,42.91369760928822,220.5001121470284,8.497832231741423,46.14115270040974,14.705400643529872
36.55475343182758,62.31176895664792,55.080843692552115,64.90527403542644,52.46912854478777,17.413735191809856
37.228277780367534,26.675415865309233,151.35986476229968,50.144147223168034,51.31219808320816,14.574181671188725
16.58564034202156,21.180334441962792,490.40262233447214,56.83419897764679,56.52674625534614,22.19488970174507
28.111441511926493,30.106144657953244,306.204116111697,44.071862725720784,56.60296427759164,22.203180480722867
36.905097049998275,24.320050239426678,360.67380070448974,56.377107682805736,67.47958852040699,22.094594823922463
32.60976905030307,22.193010962911668,23.531758220198977,11.742978495722564,37.35283199135931,12.731664764402899
44.97714444159128,38.98806742944696,268.73875144761,25.864270133558936,62.305371243087244,21.9502912512494
38.05427710666308,77.62708111068272,38.013755615265495,57.58525661626956,54.620057818298086,17.67649065819116
20.702704947850037,45.564771739097466,293.23050180389504,17.099312676013533,43.742685867059514,12.677287006564086
17.469906159015046,20.03363046522584,461.9700078253162,9.694525914801364,51.01849545365725,17.54093700311467
37.48467473722104,11.157733550469926,484.84118264019577,52.28713639671314,75.02288669910352,25.77639120049736
15.927895868956764,60.692491611034015,279.4652841866836,55.12916933859777,45.14008571749507,15.21641313964011
35.50214534457122,35.623901154911024,239.93830652106365,14.759133091394038,52.23956554136973,18.61792203338085
47.908058449873515,70.74647572682875,473.60820523927714,56.260758966962925,89.00182429858198,33.294917992292675
35.14159622565576,57.760861491261615,343.33271935841367,46.206067735830175,66.00764878211689,22.64803799420332
28.58594741722827,68.69931604330948,51.151654178436544,36.204960992995034,42.696833722001884,15.199556300782703
37.51508764548236,26.7556831534759,243.54827728039882,54.8150115668831,61.14588935000654,22.491367058119693
31.03885116720308,60.38871379688465,135.31760886286588,30.154954959137946,47.40291390168574,17.422234255359133
34.096587626057726,26.124958775497504,245.50607429536714,16.639637373403833,51.169503026309954,16.98769077253672
47.95126830717838,80.12547835602332,238.62347456305363,22.09116059663682,70.46797720991229,24.808357708140356
28.513592323027098,55.90994252266995,299.42950535107616,35.30984109759889,57.205300638053025,20.84316495357214
48.641669733837,30.96094401402737,191.2498353676406,36.879847560390544,60.0348302409687,19.319663578072877
46.68727246846223,26.560948983381813,98.84981573884546,53.33484958647402,58.08960085408118,22.226668815123176
21.852689717625374,20.27412680573148,261.785328603179,52.48116341914007,46.935943593377374,18.574963615503247
17.42764553063079,60.57127671149822,418.49738448596577,39.88199343227449,58.8098154584342,19.49926502728523
18.527230048209933,22.497249039834184,338.7258694724491,51.84712900192858,47.70089571412457,16.985818527465852
15.637763897804241,52.62426127419913,182.4165756441036,16.50640749762026,34.61262802242778,13.077837192856268
18.305503626457494,26.170802154028586,469.05105092425146,8.003871625597661,52.19473862577456,17.449737284527966
38.90523706957249,57.95751558350949,457.85963419960746,57.41802935808201,77.00231762284237,27.67323193652697
17.491602696108014,70.19517828324314,120.48723170436742,9.533269625766174,30.942492129106984,11.074755684625691
26.164147060281646,67.24201945157225,38.920440857774224,19.801305784639837,35.369313533962476,10.177382470428665
44.570635883930905,65.86810647446254,375.82818000836585,46.71913697746307,79.56390123713636,28.536107406965563
15.814517750753906,20.017792455380167,417.25292544759355,29.566876257638548,47.779552535758754,15.07262976310901
43.50639689061275,12.070795758761497,484.5749916566505,57.578838194930526,76.72392421065004,28.262177751220584
24.864917117068998,60.915906278990846,447.12146916238913,22.87878767973617,61.966849410358044,20.68158068092448
19.13576896675797,34.4677771035481,308.2566887390791,5.712280800161558,41.96210521869229,14.444808676050581
39.38580078774527,39.58769811226779,274.4251228219428,23.039338433644648,59.24017008088141,22.792477898478353
37.01299963729594,7.491927423471285,33.36370460604142,39.6845029510899,43.06990575749202,15.819039484915475
45.71152047344685,25.766115942003935,138.39509448549336,27.5563025241976,56.16764628733118,18.03946532120409
40.727486533136,7.694112309957122,240.61508083180468,37.092365345525316,57.92761929086719,18.75229189560489
43.121832563469695,75.33486180809982,321.6818720401126,57.59588713010112,78.8805709690741,26.70924565624035
24.871210039995727,24.471734657482436,287.4808799928371,59.74910325382211,50.229334270566895,18.172233119733413
21.2103840322903,49.586973565840644,376.46527504721143,20.958443879246726,51.30825669535962,18.495339565775016
41.27151630743004,8.118345652890433,154.2881268257796,32.72842839619405,47.49688295949892,15.359255578830318
43.239215874354244,58.34779130445264,291.17725167318713,37.94864091448707,71.81619569530535,23.38485426493533
49.66767997002356,30.84218766032751,62.30827682758022,61.94674741329482,56.477203269990014,20.189396252125256
29.441618691899926,76.83353495661326,218.55945131993934,64.91703914986309,57.14863716062383,19.729232907533095
28.02063300274741,76.04945511472286,380.0771998182085,19.1244349304916,62.299398389168694,25.04061326738065
42.17445362596989,31.023249468939824,352.83240964594114,48.61879228074893,69.55964968729621,24.400782875398292
26.928123908855625,77.07687165523743,495.5085138426459,27.681863733991708,72.28100435374326,28.01973076536055
47.57650639612476,84.69261387990231,153.3877404741229,5.486491813172794,62.78792561823682,20.220198569226376
45.044446314505414,71.03325312991585,259.13086360350997,5.555151346154141,63.966937395040986,20.028608678921785
30.014790958125644,72.58970782041831,178.17459861151843,32.63396045373534,53.40581797793059,17.011908593487405
41.28048737270241,24.920698888727195,231.48949474840387,34.30009478026008,56.588385836396114,21.58962971491884
41.40900059296388,51.1361919086205,431.3360623373063,6.354181794406559,71.58634120720933,27.689371807063566
18.609335409257643,10.380473117389428,348.42035609047355,46.215645006458146,48.809747363276976,15.910142396217989
46.58935173378484,12.593434945733577,443.5717718468392,22.640203315697185,72.16119260966329,24.565568368742813
32.683833035675,84.91140896266324,117.6853319993055,38.59358609215696,51.496417607465304,16.270274797294107
43.92601131377096,31.131139954072875,439.21333656389027,23.055144389925125,75.03234175868987,23.54385984486387
26.20173603607141,64.8547129639077,48.68589160562452,15.02805889215843,34.529007388649596,13.162770132692302
46.343312997367015,69.53320424214532,446.5276546098332,29.430424315932516,82.1963291405431,29.103245653633326
28.62205875569571,73.64186168057833,177.9554141411494,18.936401887430044,50.21748987224242,17.591853429295657
15.379317801810442,84.81026379217252,171.0020640387519,37.08805861515008,46.40161726373741,14.140481236563023
46.68836917467423,24.319718820549426,265.8025168153587,16.929711817188796,63.23416860902079,24.591894035900264
18.195033687514673,8.228066148775977,471.5312901071512,35.504358598677626,54.81475793419126,18.43013016989273
26.175977315664518,37.89532143956688,42.93505504707458,14.442710892132054,32.755381502269046,12.264823163018878
48.252168846778176,15.406453586315756,189.07086803395774,45.2584825691471,58.46678083949101,18.281531185954766
48.271250142814466,6.79407113296441,431.1545545680012,50.23626106648544,77.22473180509975,26.742868347354854
35.07032608431501,33.83414617131889,210.10614916902404,11.623654054996027,49.439802266165294,17.74099247751573
37.114302425942974,67.69906008601892,115.59531084659216,33.06814472224035,53.30516246826995,19.14741969097444
30.695593269241193,50.29445529800567,223.90120703907766,9.252302039292415,49.32850094196561,17.4969481445429
25.262377009432257,30.022239136828325,205.06520071600127,40.89094673252014,45.668764701955816,16.725851383757693
26.503259087947058,57.34736043941758,459.39977670401765,20.864257875778723,64.3203695837215,20.81634867025308
38.53814596269635,23.561454424704856,385.7285003566866,36.65746741032247,66.71972885219195,23.647964006426673
41.333108530318796,6.150515685766802,262.4554667571231,36.04766056305747,55.05495551272717,19.439870954674923
42.7052665304047,66.14827091491419,494.41787202635413,60.46126077162803,86.69321331477529,30.69013368646394
42.63663499780939,54.89944678912073,243.3332150124432,37.944993354123376,67.57993050014326,23.761493501028912
18.192213606704165,65.9842099600768,47.954158793732105,39.979908783098935,34.15722571463532,10.045209839252264
32.30471066459035,8.115041335013249,145.89167447119274,29.09918754586282,41.38862666240773,12.509319703679244
17.01455660058255,71.96957022645218,229.31383050527006,61.94477619096901,53.10054924387846,15.263789956530633
34.233510881330744,54.56209600290427,95.31325959013765,51.63115456637658,46.8972605439758,17.640342955159475
30.453567548068193,50.07162805701121,474.8312606355406,22.124317418170495,66.053492154626,24.360208518721898
46.06964639654049,54.96912384916253,388.0874709525311,55.65257514657392,83.64299936191848,30.540375213504646
27.28202543932275,74.15465974946913,148.77785620533086,30.9437816111054,47.87573135050751,17.216690916369803
19.097345574966205,51.95492052471256,303.5861760885996,54.72002861201564,51.65412773687589,14.879265881329395
20.004708871849253,51.476030391054344,366.2955954125946,54.373284097610124,54.735066698772194,17.617207606892368
41.65287211011153,84.25433256526127,471.81388587526305,16.332211205771262,82.21598514633276,29.031217927606132
36.637632216069136,65.53841336548544,443.1849676041971,47.06846788301461,77.97680208945751,27.49515773549782
18.53929366429766,40.383504436090824,267.2922685463426,22.438578158391866,40.61594183891049,13.881457323890638
17.94373821402491,61.59176000263422,391.8332575006484,22.84956019956009,54.00575431121105,19.45538981328624
39.5339196010692,36.138437735343075,289.8294818372408,22.780884612834843,59.919345493245366,20.989248484163745
17.546705222746773,23.31003699867992,285.29786722185924,48.53409485359689,44.950116848309506,15.913696595235368
43.76510207516247,52.74815015102075,75.07614000233211,18.789562507552162,48.625356713869635,16.060276850606346
39.718477950477364,79.25456784911611,80.54607584775299,5.0543501147654135,52.527137772513385,19.857514699562067
17.84720732246649,79.33116160123701,274.17613521077953,47.91421120895799,54.046304441673946,18.270049141565305
17.969319992981717,32.352422248439225,149.05354158992316,15.271084630107516,31.11729964406703,8.89508125089252
49.53238524754114,47.214197297735595,30.097713181024943,11.26894371847008,49.99188939472684,16.340662768926297
28.09947785146421,21.930871885588896,366.9628178721019,19.250967235643607,53.933904191022116,18.354167179814766
27.972475147341182,84.65048875991067,35.593566411279184,27.79403133936224,39.981061880259254,15.48437584064401
43.44798485401259,83.48943262943486,305.7328837299462,33.55437964839204,72.58972860916462,25.34300301555543
48.153700208435055,56.96071437659579,278.8130211811109,7.674202442757849,67.13975270524566,23.219691118387505
49.51003723380048,69.35312477419787,485.0310514773461,63.23439995764163,96.22239455623307,31.804842957537627
41.36823648406296,62.208012902696,252.422306886868,47.963783205173485,68.8405582507069,25.27241927249178
28.169085493582052,52.452657523157455,50.528689461342736,24.39164391946017,39.294005260229376,12.774973610045201
17.922525084453408,9.267839759111816,284.8102245471016,24.12183543712384,39.85073946675308,13.797717024951574
42.20014205746028,41.38114740421288,423.7261618957287,31.91255296210756,71.95239920888264,27.40361433843172
34.54414874075317,58.98290417339284,498.48765645509116,42.57468936578198,77.37600684213908,27.84474739132263
29.84777032364417,59.20252911069477,226.5647233707548,13.782383995338066,52.52801518003316,15.942424241438843
46.722403478315755,34.849809473790685,173.7433963984364,16.33578882589714,54.584586810862476,16.450340029273157
18.8919118807153,80.33535893264245,455.19358253695947,56.566074970013055,68.38135838866131,23.837009760852588
32.24187865018007,18.38856257894248,111.79622195653826,20.375295433344355,43.933497784946404,13.557613302419034
15.397377566859667,45.02875569724485,315.40587921580476,27.81169987851065,47.24736022780464,17.509396201181122
31.40312246979442,60.27071812406582,214.7429236068549,57.27631105700702,60.20549876905023,21.135319166615048
16.970614648864306,60.77086447134474,39.71953517866653,44.788869763989354,32.307576319468325,11.555728865349707
19.15862706938252,56.89111654150524,186.69846766673493,25.5027127605013,42.50857045100484,13.817884885388164
19.11341863719867,27.023057076148813,147.3096908012838,46.02197274347725,34.79473293334552,14.790232009600992
37.72236057406222,17.496525494929756,349.3237538928737,6.180992922884823,59.729756669656396,25.169305426395425
41.11157077428982,55.87522614613687,475.4194388921207,49.138559600681916,82.87847176059121,28.58958803057185
35.417906778400585,52.94416929115502,148.6626499417461,34.22096243097437,52.15086757910189,18.782362525308162
48.67603919660897,19.348480823139276,409.50365079280726,53.790928837067675,80.82479228098694,28.434803312941895
28.12047028332964,61.41113164564507,46.57271213043657,62.2782591203881,42.7874603070017,14.586080812288992
24.999923019865125,41.413759338692515,278.29808481911033,60.5473129696741,53.96836935961125,17.640823574264743
45.40096948663111,58.420847328252236,53.8640305807494,59.55590260732045,57.55329499867183,18.516201268314422
22.82585434818084,71.98936638161206,468.3358357427069,35.73019735603323,64.88768890360191,21.007295217972384
48.7127888804214,18.578274286153853,387.8486146675473,26.608526848336282,73.16145728277989,26.21437008729668
15.425406614143572,6.531589439746934,335.8159573782043,32.902119483840366,38.089622681249274,12.551856221131791
48.94575893476737,67.32820691166295,415.47026317983887,46.393760198801644,87.06034570440872,26.603681721332254
16.510596918270164,53.775794012209275,330.8095018736783,58.039866612271204,52.81619601677569,19.152955936768976
46.19000897943249,60.97116556976974,485.0933106436598,17.419178180007172,81.50088198197543,28.467916769995163
33.469538818020496,72.0523979990914,362.6998149750903,60.09158950770218,69.88824336476078,26.480894679767992
49.753767864175515,69.22487478596004,463.83613259947845,53.91081391819335,89.88766157741571,32.02036514773201
17.58287976573896,81.87361175430597,268.22330816510623,63.73136091069408,55.60397669893848,17.24338145016302
34.384899954046226,47.874806308169454,76.19091823129408,57.81510639690123,49.377284056971135,13.937534458844922
48.92558874666847,44.07965061279243,273.5253062830482,21.796239781514398,66.60186267472643,22.231443359647344
33.308424545955205,37.150975991258406,80.89895747028478,11.357354680642862,37.812712953209434,12.296788402582823
37.028952334734186,17.29528342753636,304.39687000467444,11.734464319495316,56.5153847405265,21.195123460684524
39.3512041144616,50.8085786305618,251.59666905327822,22.473399114696566,58.479807698466765,20.45462629602901
30.908937266872062,27.1610019460783,318.83619095973523,41.85102343907236,57.218370654903076,21.72696247636384
36.964532802942216,78.70460097703804,24.822550906319165,53.25921956583035,50.970864175376136,15.852552877827693
35.451000917308505,51.655264342167804,113.52343599457477,58.955018418893886,53.1020006566591,20.033596806401356
46.540530367184616,52.42721444064881,255.83860731782283,42.42520306215397,70.78249312704979,25.8553563246138
16.590623311951024,33.3939728701608,476.2417095627847,5.337878764883223,49.85514248501425,14.42194870260819
24.83371163572806,9.159148158216599,204.13233937047605,16.17900659111201,34.019073293600435,13.89060241465131
48.264401942679555,7.5395012298390895,223.69857250574464,10.983572231202077,55.83553399887952,19.682624637257362
46.159232436182066,38.8668115322558,363.05412272317864,26.7994685341406,75.60274858994813,27.049028762284607
30.947986347499953,11.765230247779028,309.82052349733664,35.08105961802475,57.26653840558725,18.7459442733129
36.70464092305379,53.54775644321113,163.48455204719994,7.60383071471365,53.58841065003385,20.668814246894804
24.70834140433964,75.4778404511726,217.19186987236532,25.90867854773932,49.60705713922598,15.583691504870789
21.584240590331646,75.63318532149778,124.49590345147158,15.750780477519355,36.01296484491182,13.852675723280054
31.229444172899374,57.72363281057859,483.6903003825001,43.82420997553243,69.07494450845367,25.40714179182179
27.36732798091185,21.898546517834482,82.70450314753268,32.8563421594604,34.43364642527031,10.590525106586274
35.42796391478052,74.03974650870977,198.48165659188135,34.719058816034526,57.90576735441165,23.24207897317794
17.72071229377447,75.88747482505666,32.40270666560537,30.661507282007666,34.809346653483466,12.530564049045491
49.10381826831583,20.732286796236696,126.45415612810227,62.36118262919402,61.88903985773936,22.64200286561531
49.5173760567861,63.99408686165418,394.62614642247433,17.884107507293795,79.84652678327544,25.655603181142766
39.43565999069108,27.921563914169838,116.56411149866214,35.999855590632464,47.25939735564991,19.717384078990314
33.76337282204422,69.21122498823438,58.430433213903484,49.16104210192016,46.58395922891402,14.46755031978227
25.83346657002147,84.77903199228821,247.73752632537116,38.41066478807375,56.72074809864694,21.389591483675325
43.48282568974321,7.402080426351425,24.785232672568878,60.741253143008066,47.70296273807913,15.203879381430152
38.96559103938577,76.78926926327455,60.68775412463992,27.67810133847705,51.676783011141055,17.158390849627846
20.691592877071194,54.810442687892646,407.6604173902281,32.82054834639068,55.93052376671361,20.758814384177935
46.88245145728449,82.8706095331857,390.3072055326111,10.311338912883706,80.03244065679863,29.552683300392253
43.78880350231091,42.20076140211421,459.26663379435007,41.53994666311571,80.295921406704,26.196646118675247
48.242996965217344,72.7910344457099,430.16740923715975,22.292718106886362,80.66811258852067,29.869547659567726
40.4001827935926,9.991525487862178,347.9242703551127,14.618542370934131,58.69329523815851,22.110124076055268
36.46953185775264,31.822324006263656,45.119771504318166,37.67187757427048,43.86604683789142,13.946186279994656
29.63850627017166,10.361323020096798,395.7673366335956,36.93861580279464,57.77664707789671,22.61979786765051
47.64549691739047,83.02745067832564,425.84518920346903,9.552298473442853,84.92258705081167,27.537619025412027
45.31223613251429,70.35791258174694,403.55942997053813,46.892927209668365,82.75388404472149,28.026700541486093
16.58265345371663,73.20379369967765,264.0699369478525,42.426331439051175,47.819229519189115,17.45523426785417
15.92284410740382,80.03721851471154,131.7928825517512,16.341036964789833,36.28338249308334,11.418834445525258
28.176217840731738,11.808278889582828,425.7583883305888,33.16609172924263,58.98008317861699,21.038757741034956
43.36936657736415,35.84780740106667,369.0381486752665,48.2193749887136,71.33703629408133,25.329576821133408
49.55466452602305,10.68279112352017,490.76536370664877,36.766144432476594,79.0268556999533,27.378788090099572
20.264591188623484,21.86344812400229,94.7324469228478,28.729344571014213,31.62943332329094,12.318902471037667
35.794575037324734,23.34926216301379,128.31899986498644,24.340307484856616,46.28811272249604,15.858298263887153
28.331179982085754,42.528576883806295,121.6631119431213,41.62363199864322,44.71444443602728,15.997367155830254
48.94700392351111,26.48497339629141,400.4190884582416,61.346521898614434,82.95411037163632,30.75364644630456
44.4741623097498,13.078248545420887,109.71550229605671,45.304690428649,50.60970445097789,18.899425872881018
44.341504664889825,18.399287127528616,51.996718315186925,9.48475421817893,46.576373503557775,17.480756662466533
31.40426059282396,16.782045084167272,499.30918716110176,32.64109840892803,65.45353015947138,21.18496615248981
29.518682581818283,82.84614383298387,31.91226149367159,58.44944789063766,44.60027594545619,16.39728544416165
24.569247517574716,65.7434005534779,420.9171488762555,10.667745548065213,56.98515440384445,18.6270558548913
16.97314238278245,82.42091722156496,195.37608394431334,64.3325427282526,47.91674998480224,14.848740025013742
45.265283168926864,40.179238920632685,423.97542068375134,61.94416361872528,79.75911337868654,27.808130163112832
43.45153531955272,27.269478533012528,286.2178357813496,9.696468843792552,61.32398293562534,20.10695124749148
49.99011856501457,68.86345577673494,452.78299015345283,61.0047992269733,91.21917573064353,33.112638083985196
49.88228929758669,31.100313443291743,464.5726334790208,26.787955415567733,78.53186682970883,28.707956579941076
34.44010969609196,28.95066989642786,24.36712701477248,55.68255002455175,40.76958465902757,11.415415276012485
41.91455953131786,23.600479376626495,56.197844476538364,30.103000262796293,44.563073211701486,14.354621814730184
48.06680054588498,15.374318257938828,140.17219019401062,31.451306762150953,51.512720818220195,15.839772278500071
44.737658673709404,25.517044881341278,341.2713998544808,43.054585458652554,67.69544327247742,22.99946123047776
23.65718356101192,33.42557987791102,446.3706543255229,51.468645156559,60.996565965848745,22.031561592850295
30.76904473585327,58.91953665165843,240.77213662110213,7.027349056894918,54.17837289767828,18.598998366919815
19.520579530302324,10.005187377556126,311.3470958116474,40.58935973162806,45.09291983126646,14.897883079942556
48.39178595405528,21.840555173227436,110.47992934186935,16.20397964584226,53.36229883617452,20.627069382880787
36.2161122057808,69.72189122333411,406.38408026320894,25.756971071792176,68.56035536822127,20.53883861998301
23.002498192621196,16.75375388670166,484.31749344966545,25.87811996931299,60.902589425937194,23.171214139355353
38.50952395420499,32.41161172180172,148.92748779900677,33.14362041326922,53.43129210979422,17.884519798694747
36.63448841602636,74.1727137486512,257.51645676826223,25.048184712570404,58.04127193640365,20.19728166257209
27.535695131149417,17.39402489147541,61.33573304305942,11.441667107040065,29.15505157625761,9.41322304511
18.974515726987015,11.618946849455192,288.38559510222484,13.737724311527087,40.06350945669852,16.33656046815316
38.50506184574799,43.763039606400866,261.33605208640665,7.00627913366586,57.951702989778475,18.436628301214576
33.210769531632764,29.19356090228291,89.32951239443724,33.21494511972526,40.58871832724555,14.223655969118846
42.03114371074737,50.07266915870833,232.19178229667602,62.266861691179315,65.67350713294692,23.776885474321418
33.20572253891977,69.30439123867801,180.37023300155036,11.940513418886994,50.09717853622533,15.117508335851113
44.826352511148905,15.971879052219453,270.4788201464909,61.775869580184924,66.23634159663935,21.80287230315454
34.316739357107,51.4559267643428,301.1140810058236,49.00169088392561,65.644364788515,22.753259875732905
34.63282900373852,45.44070083118911,24.077877731460564,43.24992817604979,40.844296622596126,12.96550626588208
45.682876093042076,16.526302881055965,385.28287181578656,43.71666531941378,74.24192623200733,24.76128652437384
29.121900317433898,54.919878842318596,362.2468600936356,54.603658903776925,63.12996084269518,21.57069230032866
19.690532995772426,26.89123342886173,195.81746537913065,11.415191862789282,33.42882125717676,12.674459437481126
16.007393670966863,44.026745483521,45.40924907303277,35.28525941393251,29.26651477594787,9.729203506264536
41.42980394857666,11.58178594216495,382.36761909682417,46.825468295645514,70.18006975664264,26.180663706534343
36.710834297371264,41.766724577089846,478.48407702950357,40.20922670441382,76.57455663353875,25.30445814774953
39.642791883472825,29.517077443425627,135.27276609056682,54.96674426139768,50.831685970538025,15.913206698978128
22.453745652811875,70.79049689482835,175.29181459377818,9.33630254068109,41.2538536277057,17.328366878278693
19.773001645536944,9.558298159789462,108.23018695127118,46.44206236994996,33.10881664955788,10.60114863584699
15.509063298375867,38.4885819934664,296.92933920552304,37.04166382308306,44.34034162367549,13.552751557678182
27.270564558230895,41.67451393051504,94.32386943077837,27.749651838796606,36.487149880892474,10.15742154565462
35.647119039912155,63.0004861039295,190.97309286146213,25.41649893404185,55.88344894522122,21.17186231154083
28.72854157849063,50.94300600721688,354.5662466884462,42.249957966451575,60.05001519500499,20.505548546261654
30.31162227083052,58.376986975534486,288.85567184448723,58.45972247865589,65.1661815144154,22.42759892744579
46.645554307281195,67.1639428521405,205.5020308774089,34.77055556606692,69.83308218362502,24.2027761968888
27.188941345815515,73.9762378926551,221.71980886762012,54.48338984461521,57.35951164036883,21.59524340113376
32.98963212059338,30.110039737797642,289.81322365915014,29.12938291063805,58.07849113862984,20.058177147556563
42.42785544594001,48.04181642911224,22.815069385837425,11.143667767590593,44.46714691660146,19.07958208905945
28.878997381244456,72.20864627513599,57.68473685773273,8.690344187518313,40.74477915613132,14.461313565727306
36.773034507975574,84.15609047720451,443.0038725262456,8.080062279420655,77.16184745674829,28.59932376029938
45.18272980613608,76.16154488350105,57.381914763819566,27.809008517460196,56.05086247698433,20.825661653801124
48.23322182801748,34.717381009950145,359.26572618104245,25.234265050150523,72.03730611071528,25.158386158363292
20.147571832516327,20.613321377492035,461.6183187723452,48.07622141735417,54.98212570139739,18.363287516458392
47.43056688065231,44.151402992527096,149.92813006483092,49.56929009509195,61.9771931629378,22.18996349987806
32.224070257783836,64.33131614688338,197.83588978856685,8.05123813002439,52.074489158301645,18.991219302216486
24.038553590463543,44.405525660263805,293.08227480546384,18.267395773340898,50.90832578054825,16.959034951002096
31.069751468339145,43.65446906509348,443.22030542652067,21.45571100953398,66.50322461851918,23.5256369154077
49.3011401349917,72.05843368654405,472.1146818850017,37.856719048568564,87.62320942422468,32.52243076586803
32.24163328975044,33.91230232537491,374.99035909340864,13.670913434417017,55.12882161273815,22.40000917306287
26.506306360062787,73.78357398493165,61.57748521025313,13.036473164000022,37.45492826364109,14.390778872798512
37.1690299010854,37.54438407613789,341.19399465672836,61.62733335247748,67.44567618079174,26.40012619284753
23.405096657236758,31.258648454267153,216.9457864988778,53.252174437866856,45.58067520559474,15.009175005148473
17.655216483803237,41.31919289597592,245.93647975570957,15.839294125470218,41.037474721933094,15.415939530765524
19.510790266872725,65.99575669398948,43.59122736568498,29.39406847432946,36.72988709441415,14.86323974591686
19.481604363522035,15.080162229119543,111.70982688625193,26.337319955453932,29.676528390255942,9.042284937131585
20.316594272930303,20.71353726976139,399.44653161615093,52.46024444392444,54.38242027847244,18.305461929397836
19.858951042729355,81.11558605304735,237.90023986297268,35.61277498868732,49.27661119063867,19.853671059476408
37.43061606811251,19.03933019050859,164.79787598295144,12.670984219608021,46.39515383848948,14.775655559790907
21.365802953970068,50.418185434484364,204.32915550317992,49.33952378937463,44.3503269413566,13.510919380491242
27.09835491633521,51.345157332955026,430.1117663963265,28.813278693495135,63.844860968745685,24.637673699520253
46.387594346710415,44.16995696401958,379.5195283543793,20.77545485792882,74.17148280200267,27.755163818171592
31.588657409200533,56.57961988614549,150.71139064691974,27.52991732124321,48.65988371432177,17.679139665988274
38.364520848235955,23.386138063809476,76.40088330193919,34.865393816413786,45.443453632507456,15.836642639408868
21.031195492057044,49.212981422139855,140.95914638915443,25.586930985020565,38.59681492790744,12.85109846636013
21.730115658303475,34.77386041975177,461.96309650627217,19.51434635550547,54.18155874562392,19.38646887168195
16.43040156932676,57.93338077033512,299.16264216788255,28.91012172823882,48.17947102930266,19.232525296358254
20.91272720752576,16.297883469851957,276.0705001974958,6.150374644993894,38.03639455828303,13.670587284612173
24.750661866118552,50.6701933471581,306.2689278523815,51.34987076577883,53.983900942310036,22.14480423067896
21.19536694968614,19.821628430665896,195.69356755832732,15.256693614055148,33.59871155687246,10.412636066445014
18.104588681496946,27.291445049202913,407.4113697533661,7.634276817838234,49.05387778023557,17.139336091590042
19.22225548852103,22.496784025886658,271.1773996641199,44.22192157430475,43.607007484496336,14.702864618077843
31.127256881145403,19.62702238950537,76.03899332902186,51.43616772942033,37.1526747897486,11.37572386166851
22.221680144202736,71.05687612485336,81.95125991795022,53.82974789557059,42.8185033438128,14.756850570819996
27.749445136682642,27.856605412871225,277.6923903212568,34.610550959636,47.88166240497227,17.38457579423095
32.61960447991999,79.16990254915595,469.5537046740028,17.32209108139912,73.59415545072589,26.544299677682105
39.163819002027786,82.59412202761527,168.0090184045754,49.233660634989604,62.99118273614371,25.30259222606713
16.375924894438462,50.70083759496779,437.3797610524248,46.98278462926023,59.805429367464356,21.628601483197862
42.97936396181649,16.440089813258112,386.7658815578621,19.776244046190392,70.31166364431031,26.33428748102803
36.97651363218177,34.9638594703665,138.94997259531527,59.20446535176758,50.280716020709605,17.697391976696824
17.86156611821052,68.81858106785712,37.44355919179638,11.26228748496974,28.73703969818516,12.5750472950437
45.575251843737206,34.39125829576564,68.8866872683437,63.96129437547954,55.02561550597589,22.856639355473664
47.23053401861346,11.9613774642231,369.6770882467713,56.61486865864788,74.411367763527,26.840606413698374
17.137728594920233,49.542792874255035,115.84147425951042,46.27391872874451,36.29240236549948,11.213352304747444
24.69071768515213,72.60966811968278,198.21004184258902,61.32499329678997,52.57434813769497,17.577814314027485
43.21704479275715,68.67411097148019,260.8155996830839,48.338670099422465,69.15556438043942,24.627348987961536
41.189089163428044,19.00985121042826,368.22472085607814,16.427419821802758,61.69235202212159,22.277070260618526
21.458235677473205,58.821169152997335,74.35098716438019,31.529368286768705,37.67425165078618,14.233625779351721
22.32722631678486,22.64034107485177,215.0558745331815,9.290181459898122,38.55732057516286,14.185358723152062
27.96652359769837,22.45660276417378,252.8349963884938,28.379445337286924,49.32990191232488,17.275943043697612
31.958304481685747,74.92574186441482,279.59699070633906,49.49618118423252,62.827384967822454,21.035287076934665
36.63891700356036,24.97351621921841,412.813107869704,28.186601055849042,64.66706494291418,23.235180121916304
27.911977384942034,26.059787721440895,102.40553362074411,24.817650528088045,34.79568593323312,14.960971112852576
31.188715064660176,5.052271260903964,407.7590968767787,40.72134335061871,60.78711945409366,22.805384717074414
41.16148283468148,74.65352273004142,352.58164529439307,57.3322717399337,74.91866793307868,27.023589701031835
16.283912101170927,68.40758505673078,286.8179908155005,7.854991552766746,48.184994584859744,18.409098490435035
23.835293052040726,55.18631480725424,355.77337779323454,28.128226081984124,53.65335095777227,18.222076791869014
39.96723550595934,65.02126111510738,217.76851469679508,14.494444508915763,59.58872876907934,20.093657350052787
46.33223931905198,17.163885393959344,86.4308412646998,46.72125504391218,55.498707573565206,18.30286999419885
32.90871047404831,41.66588756700604,339.5673153273763,11.343473625868093,59.16523933800038,20.51990383414598
33.623971984286044,33.09755098790247,271.84270720909865,44.88846551481467,57.65678509592249,19.54686593850925
18.751020396892162,12.50212210056132,326.89990426053225,22.17085224787444,40.989425243750595,16.158710946290917
30.659432838820912,43.890438817193925,182.23941489367522,16.93500882423348,43.52361973394818,14.520281780358578
33.64160432592581,78.65917202741083,455.29595712312124,61.18115346949912,80.86314126266295,27.098016867594655
23.48646762721554,8.204729524055558,301.93753691627694,6.111474604757352,45.04087339674967,18.67817145710833
24.423513083228336,28.31687307950351,60.993192459619436,31.266636313374136,31.64482725020723,10.398626690950515
28.204945708661793,21.603274896456277,235.90591553812575,6.297619547707627,40.939398809220776,14.559082269102797
15.702491922220423,24.051732293255704,383.0509062769445,34.015582886259736,42.92634694380416,15.701205667446574
26.27277079541124,77.67476415035003,401.1845896314907,35.062842667665095,63.79980036971292,20.6248904510183
22.400680244879062,42.44552433874321,257.4065853266042,24.29974828368482,45.54991274653393,17.795695115541477
26.462407326227012,42.3039530351855,449.4788339990245,12.92970665150142,64.02438462807909,23.364213180444523
19.191674613673793,65.84605139642258,148.48084985326284,27.58325226406852,40.9106388837494,16.65629962713346
46.16845482589632,17.359376320394063,217.08737467436796,45.335776395953964,61.82149683053171,20.618690984858947
35.7757358743917,43.981228328004065,451.3265170731056,51.94374851866755,73.43092532389588,25.849512552077798
38.76858117005713,39.39881712968478,450.2032239063579,36.84503614328854,72.53615833632992,25.446689050206764
42.62099335125684,52.75285524373249,349.14212903584684,40.39006366638534,75.03097629028846,26.656674443125993
32.445476962517006,84.96461626003509,432.3106626186657,17.03698226747916,71.79815208348212,22.947431106352997
18.042210083059828,66.55591152656376,62.61116813899168,22.239819993658966,27.771852323271077,9.886402881183209
33.79872896364917,36.82925624139418,435.1975885797326,14.713736603141506,63.78208588379263,20.184034192191803
35.53943913073077,71.20424418192376,173.89755514410885,19.95772100027668,52.41968772845708,18.884391811755357
41.09038159645155,18.656669064998415,105.59912596554383,18.493206813531906,44.612103123791556,12.421262406549264
30.10808411803878,7.43709490471681,134.89752144418225,36.16692718347426,40.93738323515494,11.550703880868348
19.46531059784473,21.355869797141843,220.6248838466658,38.761325347443766,39.54181324601713,15.067457710765993
24.932156702955357,32.23292448914077,140.57216221014426,61.69684524929027,43.28081961205107,14.328029181425698
27.70788037395223,45.84646059676479,173.87244128791954,16.734238826091385,46.23189614806583,14.699376541374676
37.60710344660605,54.21033124329598,84.78967331438821,43.50054260968976,48.973950626168715,19.047151150772372
34.97724066341192,77.84845737715374,162.1648474683193,54.03555613925137,62.45836467460985,22.35186696210607
27.46338540642462,45.78832076403661,294.6962309801606,38.61448782698315,53.64143282946899,20.08263678361482
49.52803370775429,45.10205157005835,232.0897798837107,20.300219150064542,65.71244699394914,22.749993339400955
36.20211867749105,9.01944078583857,186.42500539323737,20.753013801200012,45.766670503903995,20.0377777172164
23.302937710759807,7.792924212497905,378.2970218514147,7.355183184259994,47.589659051977755,15.74960987735252
18.56238654171413,49.092796953309765,448.8847862687926,23.3266535929089,57.85732689003078,22.8668077355506
20.35006987145162,40.05428905986756,383.2588269931506,49.67622074020281,57.08059058872583,19.886157645904174
23.608520493457785,72.13443159842389,179.360337016486,7.851065432426623,41.877550840503616,12.175377201807146
20.62384806408445,17.854366776947614,377.3322405620258,18.15771695028984,45.938620516583484,16.802790299426384
21.5298458417957,6.997732969363968,92.95048758754459,47.37394991190692,36.55412146205312,13.266086353901336
24.978330904284647,40.92310143441007,82.55263428381964,51.9590937693726,38.354573340594435,11.847117947849206
21.06807583531642,23.9982845401806,185.90097777735627,32.3191046037157,39.482711614427096,12.435620149347411
46.38678986192488,8.969149867106996,407.6971371411474,46.88446030871893,70.47610139254259,24.629589022762417
17.808181098157476,62.96786294781032,138.24715867630488,28.27713011929352,36.849390005271445,13.421908224716978
33.357898634958914,13.927439996579798,50.3616362713662,14.59479470144765,34.131321350120224,8.239967548222976
29.363888944638155,53.66556000062174,83.22057689905044,28.888969611374392,42.43901133736075,16.433336146861965
49.383251591801226,27.483980013351132,432.1975848941985,39.79806921218857,74.12355939493776,25.20149882750575
18.921361575881832,18.879684028401762,324.21597667869804,61.883196911173414,49.836898160227456,15.445293129482344
28.92494596660096,35.380121833545395,141.5365584175888,9.12505712532064,37.35863081613953,14.487120612826732
48.93146516463791,69.11566209783629,286.541996157527,35.44364563069763,75.28253054704503,26.313458722338073
45.29274940628931,36.367486152365814,273.2382187641682,24.735186692643463,62.27693746665083,23.62117677850117
43.59752248322479,65.06157193688446,334.6092696515174,35.49870165660167,71.4201803546678,25.653991518603366
24.026598946572896,15.038903743932055,131.93002612237584,6.438526842591901,31.0847508755696,10.877391052027292
20.981065558652304,66.82171357320632,434.9134338533109,23.78152128209488,58.54475109658456,20.26156796633436
38.402512697355085,23.954665992531893,168.49690979840616,54.1920888516203,52.900651827984476,19.239297280628772
47.528159619465505,59.191450391109825,353.1831939085937,38.23650403127825,74.69967500950786,25.52458936511375
34.486701255487546,50.26252438727971,27.739830258663147,32.03494956896704,37.98060824418625,12.014354002345437
35.00644413144649,79.33157737693499,198.87542234919067,22.131504302920376,59.02372905284527,21.57316885247781
24.799268278109945,35.98580143802512,188.820712620228,22.882551367481355,39.13157324560002,13.479318873793364
41.93225266171779,10.293215106755236,280.872525719847,27.986086015435067,58.39151170848014,20.487380570071554
21.546531199513318,6.532438844100232,54.91340565305432,55.13424259787362,31.443131716051866,12.639165854850063
26.328773274148528,71.14868487782024,399.263059388532,63.03279240849611,67.45853193294217,23.439671264926147
29.890275351574587,46.978851012914575,124.53478484843289,31.319322881022472,42.5003400560993,14.897669907947439
32.76636325395593,67.01952414679594,344.9781511433649,28.60117032486571,64.95284745753534,21.83402234296097
23.484340634527808,23.754048000921173,405.54181915716475,55.79304654919177,60.94480991552936,21.97679337140805
19.019288865872124,32.6066996410587,289.7009389959263,30.614319238178215,42.42034541528101,15.371862764368487
36.37170148545714,7.408309776905515,375.62393922655303,38.12109033773907,61.647857784973816,22.92791292242667
25.10206936340895,81.91938596592897,337.69294986320267,18.856499875924666,55.23686638266671,18.464209978423032
35.34333774979143,58.42943253606507,190.65430263296366,49.61015214674451,56.68564884957806,19.15325164296704
20.40269503459708,79.6564070207445,408.25209873611135,36.91929909624691,62.1908589465714,22.955006730018194
31.83990356491861,26.239712594325788,161.45665754505342,53.5420730144205,46.649464059216,16.705631925769897
33.6406301393055,53.91708889805287,294.18220052072826,51.843963801720186,62.08511835805572,20.370464236030458
16.81382378878494,59.27999746341102,377.79091478793896,17.900286096201715,48.529152877109254,18.94503460858999
26.78114973678722,30.403976020607075,201.89883671000365,47.938133033465746,47.120896704050615,13.94463799381734
19.704513692864097,72.8487388012504,165.32845165636402,53.00326447708228,47.947196813488084,17.957946014616457
17.21812396654687,80.77291703201982,240.4860848829549,25.766434446943705,44.21109413701263,13.576064893957124
49.64860813364808,75.78840941568035,412.6224772875937,15.356546774136472,80.91917019260254,31.150392342139174
26.282384574115305,64.1253580751498,466.3624463099191,5.157929334775291,65.03202215299245,20.44430816318892
43.34560560491222,27.197174377996323,281.64003817274727,32.05421918558889,65.47421892073685,24.644352600067016
23.912422916731735,27.52928336845054,337.5037785553529,26.145963892330496,47.63335341201416,16.54922215418809
38.85259527783752,82.06882563568303,453.5713386746788,38.294590029524535,80.27548001852159,27.546514151724438
41.60797509613903,5.822759674855362,67.30248867821234,16.282465555327146,41.76329638815732,14.895248720556705
35.84735592127455,62.28399785937156,131.3977173757592,56.57993285998851,55.09705940239775,20.23182129957593
31.505166599255542,61.499693004420976,360.2720030007596,20.46531293768658,57.618159440321804,18.809755050616324
29.4144319951544,54.81516327598379,415.3973417179038,18.585776305259,64.48892492714319,21.347442136747258
27.210389329004833,84.20870768694927,431.3739335986774,33.84284338906136,72.46915758305802,26.338612451739635
47.53352004867391,29.95035486109802,219.25144489036765,34.931061424656455,63.09044554486234,19.520641510227417
44.07167927257052,32.197749103459856,62.88315310009608,17.905113727105572,44.984487783580114,14.86822708446491
48.77594187332794,11.315152235724444,230.13510910381757,21.311643603554945,58.84574999335324,25.15704292891279
19.350402821994066,40.423850923498996,130.7526032993858,15.182314349314696,36.405310312290396,11.289839162417715
40.58036163212755,25.883882098787847,159.77429839837959,48.10761069939001,56.22351340432648,21.3999338791539
47.841915988736325,32.47093617421154,390.6884272820028,51.20534187524491,79.08746520295034,26.8016866679619
21.343157315798106,71.76574322045022,56.253001292425694,32.73970984755695,37.16702400003842,13.772026117209162
17.327369357837213,79.83876108219965,417.238984390737,47.845221361101046,60.557195954583804,22.176552119998654
40.939222725152064,19.858645760414852,225.28116119560116,49.15612351624673,58.121017326028245,22.03579116688431
35.10655896129691,34.80071452427727,306.11068692828565,13.296531660668515,56.47676148425472,19.466485779269988
44.46400718653952,79.29044496923153,63.03307099312592,62.9706814900722,61.97204773770294,24.673543666328307
19.892033181920134,9.94467685513781,181.9323576114942,54.26191682578586,40.910133298828875,13.434541807712334
42.834355915096154,12.388842248910281,63.05644112712598,17.26900767174941,45.24343931786274,16.1865343816513
22.056956201671056,18.02327913649835,481.54098698293257,16.169902144764215,53.52814322970539,19.102765528723296
20.727958000299658,52.61702673014998,407.4855916766002,12.539668734774965,55.23828301275134,17.650446874538844
20.749302927584754,17.037781680479796,240.62372209110092,13.302713752515103,39.37268450978336,13.351631195955495
43.51011520809837,82.44611051605868,127.32922319536213,49.88970794172177,64.4528761623838,22.80077690569194
38.281902724367,40.73716218068163,468.05845051992907,33.17925541709741,72.98161414722996,24.895383386836354
33.30728986691918,45.12143682801331,185.40636594894644,51.97605036439203,59.645861517756316,24.53743747939951
27.559066944322588,24.73268926443252,97.27252720993988,49.77529366101233,37.122820962443974,11.735051826456095
45.70201892845879,42.67682019477868,290.3189064578983,41.27676281031329,67.01576513217795,25.224654498472923
28.73557875979224,57.95309061096092,473.01157776551173,46.18199639472077,71.85685526197558,26.43458906141463
43.5809803815052,65.09417095632342,21.838539440154836,6.101343462748508,51.26283431406958,17.921198808167944
30.369721799957645,65.30944661679304,134.29992476191939,23.706658808301317,45.20746500845413,14.524799172180574
28.193055029871765,51.23128901552707,470.45486739699567,43.26933075556461,68.82065432780284,22.934846034143337
31.193792498436224,77.34878199950857,102.12126409143778,5.560697209174652,46.65481244670367,15.552233407521522
25.548225595744974,70.39262778448875,74.35685678711353,6.978616620955604,37.163675541156856,10.328674516485504
41.16632830616879,65.56384917589003,293.6898635839061,56.11327894822299,70.67290547002037,23.23031877580819
32.59521365323677,9.44844173443685,433.68503518151834,46.04149170152431,65.5600114065953,20.722289219262887
23.127444330138605,5.550236977571945,249.01271249308454,20.922183987220638,40.29930029246759,16.12356760713023
46.4851100646099,21.995782175637835,497.3908432085719,46.27777040712254,83.97680203206755,30.31957429980597
28.4361927480624,58.08188751307618,346.0024157782366,52.5474001483558,65.77111565778375,24.198851628522505
34.024350138989604,37.89579911060366,55.55595546101492,23.407656986606074,40.75072397815058,15.146001319665626
46.72652388375914,37.19250074394494,496.5594232073482,7.1622426499512475,79.32589681529164,28.01451532035332
36.84832985698972,75.7669510583691,215.7892336544914,60.96674748126407,65.0867102192001,24.97136907491374
19.09143142479274,76.6450278505471,157.9532162458316,25.71079029773783,42.47785561045701,13.951105480062349
47.894124326471626,77.73402112428685,287.7820081173851,11.388905797082383,71.85747101622056,25.310119338727763
36.969781857499626,30.110246121202184,166.06764407401488,34.51141228358884,50.64608227951489,18.846717039566396
26.721696512998015,60.28446501914094,61.499603417673114,51.10806773984803,44.41940597842516,13.564978244664612
19.874522543218553,26.730654501949573,20.685604678004825,18.298838877053548,27.003560737616784,14.096129602379698
42.790881624460354,20.24878664595598,235.8000094017259,21.1694030080018,53.7851184950302,18.867640117426948
36.702546457497974,19.770596587789537,421.6944426687643,19.562899207914988,64.66097983130645,22.844327116820647
33.671138219171254,32.36860966908752,294.71128910243675,64.50038316990069,60.2589438488232,22.975947394600503
46.28624040678352,39.396609582385736,499.6195034928516,16.844224023832552,79.69622379200251,29.266111326716214
42.60090239285857,71.47593368440548,157.68638991065598,39.53121301796744,62.29250782558816,21.859494768050542
20.30862079064629,14.591287477816968,154.61843108482657,60.51587849941786,39.24288217312922,13.930202917742287
25.91027237284419,63.79406779159154,96.67974091229323,13.813794132666754,38.814056205461455,11.328696875489541
23.6971198935063,47.516393135144426,98.75052236736089,63.251251872062014,38.206903905926644,12.53771770029936
41.038120240043696,28.0356274140794,156.88956608482295,61.84863406373748,54.92353792089461,19.99905359655155
16.173635215752277,44.42556676262597,400.563221731293,58.074319223495756,57.7314993662288,20.87186403674441
34.94613897049608,28.99536558216181,454.763259505495,17.873391279800135,61.212132946435936,23.25599515625871
41.68605400092417,52.68655641906448,488.041841459687,43.043303360659,83.9386532063781,29.197777034897346
45.68679728666123,39.707513828419536,131.49903396629725,50.65348837767441,59.98916988790386,18.915279690620054
26.97286120505676,18.1524423263103,443.022821894764,64.16167569178577,67.11105867894058,25.073966183792717
43.744005663520454,14.326645964455738,177.56244285312178,15.825429324882226,51.43720966928164,20.157157403521598
18.872110793432253,48.73565456577041,74.16346136810452,50.961553971157784,30.756890263212554,12.112278451408738
44.62583021070814,77.19304266288827,437.6119642496795,25.32807019562678,82.39147909072271,28.59156717546671
19.462103181619383,32.51661492461484,325.3307046289369,15.53758793408014,47.989285775244305,18.362829099150375
28.905055169612854,63.64000857780986,99.07083011890963,30.282616472831297,45.780535209259604,21.166553040253184
42.90533780228438,57.692908395181355,226.3190036062412,52.630154728916985,65.01374731926796,22.9275400334045
20.247109957207083,79.52439314475848,157.88369354099248,32.89098822224313,44.0504402394518,13.450049045440442
23.02379883314245,70.67848138393127,373.66139298089456,37.25138601218291,59.43306281837541,19.922144412103165
40.27883989375732,50.32842071243704,237.63979069964867,64.70956461200727,64.01281095846912,23.34269783592027
40.2012787791126,57.56243985872858,494.85437365106475,28.94655797344556,81.48119486766868,26.11121173733694
37.4401671509854,76.87091732672279,46.27759148460566,41.92404528255439,48.316287427268016,17.164805211911908
39.2881955563485,36.96150276695478,190.4073277453984,26.91465209692231,52.360612240697016,18.896719259717777
33.99535551716586,31.14357646862219,251.31208021278917,28.567138779722296,51.3326350576511,20.26910487989686
23.812967061743347,5.864886690815707,261.5041062791935,46.738445206724485,41.93181978978026,16.64142921050454
27.09935977263718,71.12408593531714,171.64919474510566,61.27321856569301,53.409689862206065,19.99026863939978
21.3559200880499,69.07845603226919,370.03531956683264,37.541537029539285,61.035059660428146,18.118252365378055
46.79576964667699,13.35636144801211,439.8785952747079,51.10399573692679,77.1623889108434,28.388415810867077
35.41871281681422,51.148590490616016,470.5852649493743,10.35239352901783,67.41564513365991,24.653745875871337
29.029799586727396,42.11853585335099,406.4448208637726,17.669482245915617,62.196858336749216,22.15281698347974
31.170203127544642,14.496727640728917,428.27849470716774,35.127898455171945,65.47984099359844,20.32261115854123
48.15491688641354,83.44545816485788,284.26174429759783,6.200703417726487,70.5324044603591,23.52118069734509
20.367299109062806,22.175670997068437,416.426348684871,20.17129872575353,50.69453991499512,15.992854815947192
35.5180441205879,10.378734407244892,165.68187639101706,36.04407738949797,47.74945197788047,13.689795532997527
32.70610376095631,52.587790360152766,211.2698058124229,5.897671895378043,52.92821002171025,18.520500780476393
36.40089824021267,64.10933417064261,172.11824663290128,20.872777173562504,52.72755300112809,17.25791036823066
15.633856433729418,7.595475683774957,244.3459210150042,35.84184916855217,33.205985575539685,15.560053321842258
45.5243368130453,57.69741109816177,157.07821579454546,39.38895487887474,62.95938698744846,21.782627536450097
47.624139886926436,47.58335007611635,481.57349228213445,60.54510158331833,89.19439525318094,33.15866807241227
34.77966142562231,13.261200710003873,170.1654214427207,43.72073739503647,47.982571276721686,14.440251409812754
39.38277883569123,18.801910155708967,67.06137829325112,29.884148151799625,42.173703574807675,13.96566187217538
47.28747834120535,50.43794378528644,272.8722397041984,60.82107062798407,75.17421285746153,26.456321314163006
39.75335220096895,28.70860908106307,47.407557653684655,52.09297900326766,47.92542831111243,15.411668985977842
20.33886650199915,80.06525829210528,73.06071982811865,17.000535266764857,34.286909194828546,11.367117190982874
35.17009260583846,70.49921835872406,125.30690681419821,12.850541680929187,49.41642144678877,16.968821147010757
36.23502662339996,83.68537652109305,242.88811994342802,45.54869814456398,62.346537986669446,21.470426317166964
29.84457349558351,25.773667116033117,227.9604475083334,38.59298993461903,50.58400537870511,20.487079742099805
40.7755482468653,82.57789062383816,403.85209376133975,52.38041682756534,80.23521830524821,28.649665834984134
47.70284551691552,39.498709583324626,374.94783386437445,49.328303004721185,76.50890998601373,27.49738433951676
47.39489795173717,32.801503625100366,224.63278111553663,42.512692031450904,64.5679313317162,23.408258127618275
30.77937799914462,9.02796215754826,180.17801963630237,64.18293029773353,47.839763538682966,17.662856804544706
18.963331604426433,9.22122062876821,171.90501634951931,37.01538380662452,35.66497161782878,12.358409590427774
49.46944196368171,60.36090047573238,391.5176419011243,11.78634539010319,78.90186826519198,27.134534335598925
44.361433025607695,41.63431955472223,44.99475498620947,54.6964138889593,52.38488205785202,18.584932809525622
19.36319384211434,23.121730082888455,26.154391765090796,20.111201740742537,25.189987129225166,10.551701418599016
47.22946589160803,54.117624506018615,401.8613081247911,51.638128888635094,82.20985802082713,30.46280758994407
45.44637267217449,25.228649460008896,249.03026047474367,62.426425760003085,65.6383753402585,22.61283365555786
33.15933199941252,51.21054034755381,82.82294650571646,46.807730837860476,46.4440352817132,17.407177890601787
35.69464025107253,33.73669975861523,133.07164860536062,40.76180965698806,48.457902454623316,16.668388864558658
28.96509463545456,70.88417812894552,467.6018974867436,32.623170540502436,72.20781087248344,25.323539629522067
16.916657358771097,70.65569286134235,432.56142829995105,26.864591959724194,57.51473341916069,19.419871624374945
26.731903457606535,43.188031849792104,360.6968241075068,26.180285058310176,56.071727580852006,19.35263694493885
43.099870700930396,33.06552874680125,251.46811056191675,43.18236234257544,67.14891713704881,25.514116102291602
15.1621208051611,34.00478372472756,269.75534057186513,50.07638701626475,45.14652858011488,15.939916724049063
26.672471009190048,69.45716205345744,488.1173769363001,45.71102416906486,70.9337124819278,25.029723131503204
28.935904275683015,31.25435862380896,483.56981306445783,16.904606071613763,65.24358984103047,20.664429775473725
33.8088461028273,21.72474989654768,123.32914197720045,34.63923080860947,44.12399098054545,14.979530981741814
47.19494657444662,11.775067350024546,409.3301918265527,52.49840433098378,76.45820518772324,26.398399460086036
27.122109802808644,42.33544967075267,114.67647976016806,33.54224469134337,41.14179076682227,13.155911540222684
27.14336206636797,43.570567913587354,122.49798938429666,37.19739678412963,44.51833321430795,15.613914742563127
40.81254368384119,72.27269683223257,344.52465639899685,51.26816289024933,75.62292937917611,25.824251847370157
30.82762793114325,22.699095715685118,214.40052732202324,44.67591837590549,49.33310027208121,17.386578878093793
22.861168802899368,35.47930189347199,467.1413154111297,29.560695252943557,62.618060023791614,22.098575523055466
30.83538306464427,69.67245911149527,62.72467275008424,58.72476267165314,48.36572430335751,15.494371969441161
19.929995713292996,70.88988885991787,265.53230758855665,14.754024119808715,47.5154163208804,16.032343038583356
21.173544527717816,35.768886078301456,460.8903346126982,64.73098691541949,64.4418210068405,22.670698776535424
32.44287204588179,41.729921862934475,453.9745570301625,12.131154708574233,65.53780896274914,24.714682283697286
29.662390732659176,29.262871267942636,95.13402243955579,5.896998266254334,35.63960715682921,12.858941264083834
47.0196065373835,79.60439027354496,195.9860960462991,58.401134068925884,70.44500046935944,23.662847394399662
27.683786469082158,14.491501259326425,317.1782720224142,19.697210501957365,47.83478618105126,17.340682302233716
35.32059225973152,79.6999538401176,96.50954469027305,48.781977646803256,51.93884818870042,20.739920200027786
37.12925007718356,59.70931614682746,484.65064258195457,53.66092249592416,77.46722196175993,28.4885873954995
15.458305980591676,47.5257722149385,459.07967778927696,56.53918346192701,57.948679548041106,21.103327637467817
38.22380802058487,7.61272486275967,100.13608593654521,64.49565413985,47.59561196962759,17.74684945259314
21.2312588404413,43.047695345760665,78.154621405273,22.642382602399945,32.35384612353466,13.483777205380076
48.63746111143093,37.61984840021859,60.99607174796734,47.614600515635544,55.0821638331879,20.892197532642253
20.203195471358953,17.897504958009804,456.53295873758293,11.923991496849693,47.796509608857534,17.578918934776624
29.511844330445832,57.512768280052555,112.93942870182119,29.408557481410963,47.49254592836114,18.225354404311524
17.987238382752537,82.69207258946287,219.81676570129028,55.87830159875542,52.33634995360046,16.69524583936407
49.890598814608154,49.97510488516201,235.44865551296144,27.0594827635465,68.64731076759473,21.773160890147736
32.57682536159349,62.18026211551567,307.52530122251244,40.46572283213684,66.51106958473267,23.514522330622174
35.838475606201534,10.476036205281343,54.43296499876398,35.22640662347804,37.13010903405349,13.098559226394528
17.34767670859496,38.41335966535958,128.84413635224766,43.7570918667227,38.685498226406786,12.724059298972488
41.248616463971224,14.30867881315967,467.1153857210845,63.37366336326169,74.9662243205917,27.47695751694866
22.3466957583455,54.02366684292083,456.0368514889134,8.344131590084128,59.57298088650462,18.05624793059976
46.43190013042498,80.07857265713237,395.01951075473227,39.43769105009778,79.89495296977238,27.161075155333624
22.17988741687025,57.942218597731085,29.31259789674341,56.78172675501708,36.628188017733365,12.092432488890253
21.67407022322833,11.144243865153722,176.963248878129,33.88296270490565,37.01107641937948,10.499424069133628
16.27923837468332,33.37329639880663,321.42019296459574,9.71163115649437,41.606793884319444,16.80447437041576
31.522343078849975,49.05307035526812,152.09130165126834,38.63236114500625,50.16888975514015,15.520309511304065
34.76943966419157,37.256620490660175,456.6016136258131,24.924433449429227,69.12482000765216,23.31117691671673
17.299802379992332,71.69152083801379,324.2669416795721,14.296507120276154,48.28978465055041,18.263394264400343
42.14346658432537,70.17368037679914,54.51522431189389,55.942070797008384,54.914988789780686,20.189314091566338
30.86510921618097,53.94648160825771,456.3226826411375,36.2959707794673,71.5336136270755,23.374502724749306
33.3536594264653,34.87663561061642,479.7279959245868,60.996584742744,72.90169635826383,26.539327539283292
30.426696142837983,25.42690990105953,57.301960828028236,53.36099027618415,41.62033520924461,15.001794041222945
29.02670713063641,13.469945457050345,275.53291273343115,46.57830762642004,53.62862894670216,22.269573474512953
34.58741159578763,33.39181467892432,165.6148554628018,5.301530201918716,41.69167509358957,15.197996906858807
20.43340860757494,38.053801376617564,208.56275671107315,30.669407398294997,43.301386750971915,14.943622631237371
21.36748456733449,59.065834008325886,106.2325846185641,16.849176899121936,39.918014346608494,12.686552085633839
45.162496735473106,57.65278594380588,297.474608965958,59.64787466293207,74.6262703818177,25.00282958320284
48.11404117467715,10.608651171300556,479.83008955946747,15.475039080581617,77.07952512384368,25.73918015014305
28.065826069791353,36.620745234492624,261.4748481303724,22.16360309955713,51.48925167309381,20.077886306450715
24.476063560024382,19.542309377388953,59.798999069350955,36.01020606406995,31.291477711134366,10.978972071421735
37.539984013365554,17.545016425344457,317.60064006915604,20.801817139884754,58.23203308925146,21.229082267200106
29.305695988433374,71.18417197897968,183.30703733660337,17.59188063674727,46.83840194715927,18.664812081477073
15.88852244811207,8.353217337300602,430.84409100382294,40.945959506165146,50.24957977300828,14.049656707241699
20.46534090781666,38.534630072169705,228.6455111919057,10.335771365301431,40.630415778272905,16.13895616944608
40.05902800965892,18.456292461321453,112.56301229227789,8.490065523255483,44.94026968655996,15.812189757970986
38.062337966855296,75.34641725427792,111.73069889174957,27.334717711164284,55.60879100426702,20.11564940895412
15.948359737621923,49.56324106200281,389.006806746157,48.23986727047174,52.76545567542528,17.22530465377647
22.76902566765323,23.510450910147842,147.48204718753274,38.28840549643688,36.47009017420176,11.631844963297837
23.0876178805825,45.19418297331011,388.272029196427,30.37258810800673,60.558219644481795,21.92864571028811
38.516246025955496,63.51890877624926,118.82590916796771,38.945093853474944,53.92157486764282,22.44944790417219
15.689868821402746,81.6494407135547,174.40945697662852,26.927089079196417,41.25476773845783,15.944138677682592
18.643800369460084,22.635680339633517,243.4337467710557,61.16878012592677,43.95513169788324,17.282580476386944
42.99706298806163,75.89454177034762,472.73400785285634,8.29429345464646,78.41474961804084,27.157160460922164
21.249063171901675,79.74432913339922,467.23108388183584,45.40348874179011,71.40034687844192,24.08981507057623
37.84611377481561,78.3136435625653,119.29850020269814,58.47695988966503,57.67328115739423,19.014440977719488
23.33639733663543,55.833148548952785,191.94513979667494,53.233082524115204,45.83040496487825,15.308231150662353
18.480448746577082,55.38565235477662,91.71170645781072,16.042462089286804,30.902326046388954,7.736640466480345
23.51102668498089,37.25685065470582,264.79283807047864,22.755580938817303,42.18023288464693,13.67570249528902
40.27934261494807,65.19183058430303,241.07962433343997,48.022876322426285,64.43565835618209,21.711950690573968
44.94937638372,47.50352146807455,452.3648779763516,10.056233550845931,74.25091838280514,25.724784172389533
44.05769525984471,59.195045698263556,466.40258133971486,53.711701989955046,85.68155130252927,30.18616812050618
28.90142353664592,39.27663230790364,204.11234768350022,48.13441667628742,48.83001477369719,17.63418147373243
38.382979779972615,63.51971712345112,256.0342126491149,48.77639895412055,66.9004011425373,23.392752341223616
22.174450339553733,70.95772140836392,450.1933995901439,11.014482216055484,64.26722189978278,21.62136303540984
25.260170559135464,16.71490052822529,407.2197477176295,48.06563268897385,59.64962349491912,17.93233025832341
46.37175364823919,71.63437724593824,21.755029445431653,45.7890875131982,55.47593320511332,18.553613709186973
15.455067322875761,48.22372254322458,173.6285908081196,54.855349449311035,39.87032108252257,12.495936422352392
17.992798579906385,72.57327272721794,222.45163612934044,7.49575737538817,38.872696903971814,14.30454403880804
22.276018930110958,39.50413650728117,130.26381616795123,6.386640108067532,33.50972116519041,13.092333502857183
15.92862713558369,35.3232388306428,115.7943756300506,27.380425992713644,28.337606318563765,11.326018812087225
21.350240228142905,78.2048586013778,38.13656316592624,13.927297030949173,34.85874701819859,13.335990560561235
35.40645463393923,25.093541403872102,328.81746803348506,38.503068654213315,65.75236083773844,22.813037690029716
29.749859270737428,72.53698602289145,146.00493943191952,60.04093409040493,54.47770065083493,18.28426187957838
46.24350988769412,43.72164580075233,45.12664564703029,28.488783820040943,46.799465937656784,15.259158947679273
43.61052466084543,46.12763540410078,130.87006905347056,55.69702263635625,58.20272700668512,18.109706077437167
26.963607309425658,29.677462519158723,404.9186973613407,5.014452471071989,55.32814624446738,20.85263173632537
24.07982017009524,50.843376049521254,428.7148071903424,15.110878607551053,59.23381084128475,20.4697672375547
28.28923428585434,31.016895702096903,251.87179769278526,6.825412379245137,44.42838028259621,13.680422658477362
35.66032298801827,8.141553139332185,219.71392179616936,24.688830830904116,49.14702520530648,15.961721758291914
24.382227428800668,26.759888427548482,489.36977288085524,59.49137574179017,63.78941559810679,21.02583527468855
36.84521177471969,5.510323472527254,116.27103660227355,10.817127415939265,38.0971769740066,13.398548668424999
29.329407826693416,83.26838296454854,123.37245577021207,41.38458660462802,51.793534693820426,19.728938919443177
34.321651329819304,82.2597767855798,160.09624497747188,32.089756347166656,53.555949175093886,18.22259788688948
30.264428519736086,36.6124237977844,102.9235127749219,61.30809274194875,46.74277445382111,12.981170786661915
25.30630158396712,63.26966834717168,202.09548713800956,12.35114855222563,42.907697862773084,14.733923749232199
48.19586574367548,32.664487872834,457.2004289550818,17.721671030133734,81.52171486032378,28.29830935096753
41.72620279559163,58.687452566878086,315.36696350171565,6.7725181166895965,63.678730309915515,21.950175262067148
19.90396115182584,69.43440344367832,217.73434333388656,31.036114977882427,45.56613103890365,15.006954113902722
45.396379156426946,80.74049957537926,468.5171813941831,21.66997397387926,84.98131804891912,30.06961993821045
32.06009193873298,37.01698206797376,43.26283158839472,57.194356033419254,41.26894145785636,14.543341182973226
46.309327941293205,67.66383863648382,120.93256539289345,41.2964487918653,61.84862233270448,21.609772345256598
42.99493395815603,26.274276050569505,291.62653044884433,41.845444278542104,65.87957976578991,23.676814960190917
29.882472656423168,84.22658430349186,315.465259132726,36.914641812878145,65.81728063394269,22.39129898715816
15.78642579120411,7.061567901148091,38.98760315005431,10.51102023375206,19.502077229692656,6.09584852584145
24.403707578473114,53.282304520089674,213.45860379542344,31.701121023521313,46.64252465365499,18.395068563157345
33.95719751313034,57.76047853210617,331.5939031188189,64.970311382511,68.02961251519474,24.649397494891314
37.171737693915155,60.04364456593031,355.07386227363276,55.113757450760886,76.17071823676329,27.90017047428135
24.02606899016208,14.631006303127121,326.3071532078093,58.60754325002696,54.52929117721925,20.924408790027837
19.877462592548845,80.08238267785043,173.8703476932438,54.39358155478997,46.01211615228756,16.893156924237847
44.222558287975474,19.494662324006626,64.88965932699656,11.182501605858961,44.64199868881065,17.017282559787983
49.454076324624324,54.820272259187284,225.01397428128035,18.646895243887975,65.53083599840907,20.566774856337783
33.39915638059401,22.814086329846795,81.80212993666663,5.187299081384578,36.33796140758475,13.024517300648702
21.008775004690623,29.57731336170167,474.8593560899202,23.210607492686687,55.3405826892698,19.095126248522938
24.530756428177913,48.71668333824995,248.08201569086157,11.516444140789554,45.11920857869531,18.30824913889307
15.643673679161335,38.37547348516612,172.28440369129643,33.36760071809498,38.72107987346756,14.943846253418595
47.000458229617465,17.818048078120505,387.825954137072,45.627649314434116,75.09727880310582,25.338379794897268
19.12128790115494,18.674912193667865,259.0153244394867,57.470317702284625,39.457062430475936,14.369163088460386
35.178076642998874,38.451583053023974,168.81633152597604,49.95302990545389,55.29693609351746,19.60544963290497
24.59193272405221,65.58263826204006,409.7445163475848,61.31513574671031,69.13162221536993,24.87756492510782
34.39623008805277,76.83717174782308,436.23303248053855,8.233897423627328,70.03657255815872,22.984536691293574
37.79971359231524,11.730212980750627,343.043919818565,5.730790124992486,58.26558859940112,20.93298070764773
44.04096312975206,36.44831260475208,42.5429227556803,44.68028683017276,48.34212168437379,16.57751556559847
22.22474451162111,13.01964509783013,291.83498247993543,22.361144613334773,42.41512894551057,15.268969777012098
15.384854003046817,6.327398450607831,386.3815577586952,20.21006096634639,46.18794630109791,15.079203457701013
19.790997052408255,57.93749461151653,85.52144580011944,24.853225261627657,33.51692371158412,10.853328541959542
46.50065246468368,53.19595535732702,129.7619606646096,21.18776347354185,53.55061255132181,20.503477423512685
45.58615271468803,18.041529105190897,443.5976504327055,35.686184378095234,75.19840696198366,24.74212109918404
35.90945857596079,23.70502664744513,29.658426489475538,31.40890683344795,38.68922061681254,12.074595614321316
36.01809011517787,6.8966202915614705,381.30902615646846,35.74571308259938,64.04386454594756,22.337980705258275
38.27628360911894,71.7957764555523,247.411180406923,45.36281669002617,65.21825121275357,21.668552361684817
21.137994751820735,82.97524768388412,234.4506362430113,28.227830538268897,48.95761008792211,15.807620582378542
47.004418107373596,15.836762943575264,23.406335597545844,20.078461228529406,46.57595631380143,16.459198666642944
29.65696837122256,23.518017101223847,413.3111508639165,14.972032208524729,58.56550003171296,18.240326225743974
28.40984848873241,74.47276191575472,192.7159523055519,25.968447171957532,49.59864254402884,15.847581538039636
33.16211968489931,79.11710383649479,279.5675030242606,49.508388514770324,67.34960858685662,26.65350637978528
16.643808837126926,38.57019062454483,345.10432944111653,50.40229460668817,50.845530054250474,18.48514810744118
20.819917906462777,9.04979778152593,357.2621966901996,45.01432320105262,49.45822729422233,16.190534524572946
40.831176574922964,8.151346695425552,478.8704282365147,19.041690518412473,70.4846315262619,25.296943651590958
17.897953377379427,50.91598928552084,275.0431775535724,40.285174751281865,44.822471745117376,16.538860826271023
36.11032383132358,36.431608711454324,211.86538446772522,39.24137969461088,53.73418111710551,20.298585021122285
23.587218838846233,7.292194206212361,477.7777407160198,34.05597188658353,58.280350096736306,20.20738848967261
28.62534649146918,51.66019138500454,328.2129128122501,37.99873918303185,58.66327371959586,21.99689235601788
25.104280786974495,5.904202927121798,163.1121710127467,34.50743795742008,39.86139779909048,10.893819442358408
27.44854507627322,67.98975665194183,80.70283779371415,38.92738196444649,43.80236447617335,13.746365370947043
40.16660668144859,29.514625816269728,424.426160703287,47.930357277267724,74.82731220885476,26.43536637570385
25.399260046811126,8.220640240738568,193.84716934119274,11.577691664206384,36.79455258862436,13.372543705230214
34.8241624103914,52.06817767865226,337.025466254927,49.97754512894142,68.51356548958258,22.61207448985094
31.66176407696849,36.81475315464438,245.99188129563112,13.153169007655652,50.745135582562746,18.149927440791696
38.228490787692685,82.90403306857196,115.4862943016184,8.997679904622482,52.41466200584766,17.409371329015787
47.78904087636653,48.53589300029618,308.80957213782324,63.564781173288054,76.18240354762268,26.24840260032719
40.640023402358764,27.019134482960663,49.12787309632751,62.41950613222649,47.0120350630959,17.99137297308108
22.52291325067649,61.75510917071798,218.40438073817228,8.626192696433844,44.81604831044126,17.04902315398734
16.091409727144963,26.719360203416905,282.3751710385621,31.59520648849773,41.08048524278334,12.882579343929274
24.179241550493877,77.3394633126052,229.30254757691796,16.174696297986486,48.30217804702008,15.31988512342687
35.82772757450892,34.97775764059011,379.3626441204756,34.120693828065086,67.55153916833382,23.026278615586858
16.799903471948763,48.98948502209642,417.40397818174995,54.81063457997524,55.33628260608854,19.3275794603716
32.37281865204327,9.045848305938309,390.19667553592546,62.036706484573415,62.58629430482862,20.918355273827906
35.88949971209112,39.08969903617846,38.63021494966502,43.055159207092245,45.48534419871989,17.480834133751465
26.698536178593628,71.5890831728796,113.18180981406667,26.23434003270902,44.398726849447584,16.06063915986949
41.98192713110377,69.45190442906735,277.5716044466117,41.199533938675906,69.22326953072556,24.83727200056559
18.730938859682013,22.945484708282102,468.7145794130246,23.72007836650702,55.12718406298666,17.39470617862787
17.629822360753305,23.086325680845015,420.7792520250161,59.58941844992362,55.892956788853,21.31347095217422
40.486606467126116,70.38442497705894,424.4165640088648,57.22402778635022,77.79764442064418,22.998922313864423
32.342196067216946,79.43187361354605,165.53993300464396,38.49390501677966,54.176938723546,20.21301173101515
39.094083874970764,12.628873701840284,226.13499059777723,24.487934922821633,55.730367223670505,20.90709613479083
30.218956851131118,41.00469115409802,245.93885471164995,22.6033805349787,49.45199507642057,16.659596495830257
23.62407116336874,31.996342317138318,95.538360007957,7.005079682303568,30.750517119514573,12.672046317701236
43.66858111859699,74.65507643659515,34.91270251733903,53.949251061517714,55.20080987589333,19.225637127131144
42.97955576391428,11.681993174401502,474.5133917410481,32.02299278234048,73.7525638171488,25.90704489099324
39.314376479904936,21.890075404642992,135.5420411184832,24.507975704015866,46.55784909655361,16.804540364900088
24.525079803048694,65.19746700691954,135.17547378734304,33.266621299865236,44.58782453431634,20.385600954727302
35.65807334041805,9.103507918497247,60.02194580900458,54.12427942727912,42.22018780950261,16.79371659545042
27.63408639290094,44.40283045714314,465.6837209330137,12.476852462451271,64.69505687305312,23.694966706637967
18.205372566432196,40.3685627743776,298.2738151710906,56.45935929450964,47.46248995525934,15.242664754438978
47.1059751411785,31.752094319099893,340.1776914201699,58.85053010650124,73.9865702810969,26.110684336603153
19.78865208216365,36.565785225513906,457.5569058862652,61.80247490203329,61.72225258437705,20.38310226376239
48.25830738372809,47.39524695441864,185.89768107237896,28.849279545357668,63.7613900947258,23.549652804078246
30.61020205352845,17.90938867107065,318.3235093462804,18.028424242260314,50.44626238077467,17.86689229687342
21.479652509351688,50.75967026268742,38.62373826986598,27.41844910800191,33.2495631354349,9.95056457798137
33.966533158242534,69.4345863439989,109.65081355094208,24.974725773884195,51.20462057549276,18.043304076550218
45.553104255674285,65.81287438321272,418.9979864431724,15.569234750171603,75.89070531065389,25.287620654154402
40.62787102433464,17.311992375501895,388.04881104240116,41.436000206089275,67.20019525984385,23.746892672951667
43.22964017515074,16.939957579317912,188.3084918994305,33.59744963051773,54.04207285489675,17.626109524665978
38.05741783487511,26.453949419593066,200.869101331622,56.94205953944022,61.87421611761333,21.697207091205883
39.22967975812483,33.88597810728298,276.10612810571814,6.926574828923496,55.92377996942303,20.6990277822007
44.72184780478618,37.67644651267861,20.115682248864584,43.63207565330758,52.42544752722176,18.269328646639956
23.738380310071506,59.37577734666762,135.79728129825338,50.776932710693664,42.12346408082096,14.156880027528752
32.12987372750992,9.534434573266832,119.95126813194292,50.56919415129842,40.775521597947865,14.576346890867946
22.742330463686077,7.773816338085311,140.23181443988648,58.164438025731506,36.11216020100468,13.685030001540916
49.568380279882646,36.35284503551272,406.83480441605184,48.74202456976965,78.85783503257356,25.939467356578103
48.04207688903146,60.77309537103844,154.2434511422927,60.66860369886178,66.47781331407612,23.658218891984443
16.379938397897707,20.474827436518606,111.93023458407112,24.959395989253487,26.158362847702723,11.131738225222053
39.6951310380491,56.320358500500134,262.0464611806551,35.19256500509258,61.936236989132794,22.53816839111155
47.3836911095483,25.786251035223955,435.50961745891135,5.844779796973441,75.41247630041748,26.48099792514696
21.32013707945667,75.8868887050813,135.84785784199994,5.417455238197473,41.17000244017922,15.369107114111069
34.87808306934203,76.65519554132932,57.69739654054337,19.407597227091195,48.11067043084615,17.517479334950174
47.04209041558146,28.782976342506117,191.07427320783904,11.048431828345116,57.952663223607786,21.413833792002446
16.18810925050296,23.399500317059243,378.87287579118936,20.612682076145216,46.11166875292435,13.103186647049107
39.4097093536394,37.9043177652985,284.3314614535014,15.622597671703844,58.35435573550584,18.093840306932144
25.407215258039276,24.242526814411896,412.0608173956868,6.711201490318894,51.85883650682665,19.65783650161418
47.35386683817856,58.79070746333629,480.6042308524323,59.558248784362966,89.57830841148792,29.094489179778613
48.987038580787875,71.08517476386284,400.47798884077616,5.493387883333492,76.32337521058953,27.315489277285142
48.04932711897019,58.84737047289736,309.8254778450016,49.16492866022512,73.9900700940851,25.368450048881343
31.597497583011233,70.94803577994796,256.8039622651427,14.12887321517099,58.22071776368092,18.882967348894326
45.17149278462597,36.75937297659793,39.233161447168,59.733777319976,56.732116318932974,20.380715347347753
44.559228948727466,17.505357656708867,492.4745498307398,58.567756375393145,81.89981791131493,28.966486524535078
26.168516563513947,64.03607579180738,204.07093883602042,44.23406878215544,53.35725732585804,21.84055404219488
44.01204159527371,33.83796041132431,93.06954268009606,45.33404898803631,52.78479140321299,17.537460184320715
16.29526721504224,58.7016660183306,340.0202505902992,5.320348518181312,43.72758263224057,17.46481910138796
35.86944574687186,26.651515358541253,156.45837876582047,64.09229396681613,54.02575564738274,19.43764884816043
23.050309305069607,11.498370784533813,301.17357004690285,57.66995621454886,50.624296785066065,16.726971052459053
19.21984100220476,84.40654363902107,301.6485957654038,58.70637354380552,57.682217950927935,21.387645969100642
17.69336205702232,17.49612063444794,233.9503140333772,44.554672223052314,39.03583198163299,14.511148950252473
39.37010715573489,84.07367951707849,421.33693546162044,25.687215719272192,79.19474653723563,27.771926230319544
26.895623731882317,83.18239460531578,147.18418954661266,58.618918945428845,50.69941665562956,18.14423886413128
40.366837003506646,68.50544831264317,235.3436439765124,22.491015689071542,60.70878301157229,20.352593507482002
17.287471927962983,57.7538369665598,278.0922217236663,38.76269260053217,45.48082310885187,14.679607400216394
26.03516182407136,51.224564020086774,338.53986596830384,10.983858340632944,53.94867322541345,20.02119888962858
33.8821952331368,74.28812363022678,396.306488242683,60.31733780796501,72.43140542780776,25.015082763262804
42.67531076936372,28.155161729559033,209.5074957815629,13.4462274662728,53.58145285664272,18.63338400245131
26.156337602622447,42.41449699879016,330.1025331663661,18.493808343824437,51.624883449654064,18.488441601295335
36.906198175295316,54.55119754932015,92.29325747288918,38.4880494876929,49.14524231502473,17.598767327434366
46.00922118826655,37.895238069559284,467.67108826038975,50.845580012778896,79.51754423400631,25.68715077544111
36.555211586380665,39.19891632722144,203.8682270820817,42.16107835617794,55.5922037917477,21.386649456793982
23.15358161637718,31.422773400166754,370.17028254869047,18.92803476800937,54.34681334972292,19.203157900254038
15.85402735447883,50.13854533476288,29.76371930344527,5.05658255164942,23.280815715622104,7.844305606234512
45.45346058653254,73.04596224120928,118.48982859430735,50.429034818446354,65.9007409278182,23.71152833249099
15.74442937976355,21.122270240505028,253.79962127531743,64.11243955466563,45.35677383729347,16.229684133475008
45.614558543946984,79.75464310027532,441.56118451152633,53.594787218365425,88.57599448455363,32.15219210382832
33.51279969095242,60.12701229985837,273.082471976325,32.61239708939692,59.75335019127106,21.720648075171283
47.86736944795137,70.86185701440242,466.33783150106194,59.22603568394639,90.07268533265044,32.60220920992205
42.95741325207829,49.49525541040093,252.22251035974224,29.590860387101003,65.20065995271709,24.846721842042253
49.927693868666815,67.36133611392508,255.41556643325598,36.496045054608054,72.35582466542894,26.649975456356586
27.274913540809855,6.296031787157377,77.47845848025531,33.627786043741,29.22675562622458,9.988635138685758
41.85159011258944,70.47043398236282,405.27499719306553,31.857432359931497,77.95615686485098,25.60030316858259
29.067581976323474,8.211108726829321,138.54339798419,51.511446157634346,39.280410511625725,16.249840578575775
31.79564671063681,76.193070109029,451.81399489871126,36.60613443616952,71.79762284798846,24.77258293677529
36.96269121264295,84.35701977909146,457.19562575859015,24.003027321512963,77.65685153914424,26.470236918659698
45.57869899652186,28.525396974142225,472.78885369959187,20.4894900595087,76.57380875570456,24.195742837849934
49.44292142197533,21.825484502863493,269.7106347694832,7.264839018046003,59.9215871796775,21.48026517085529
41.889569485258136,66.22906910864326,345.0050166961493,39.99170971298276,73.6404516390687,25.9974879796047
29.621837375856682,25.242107273620256,393.6876224295985,18.797684924062054,59.65958244410267,18.60818145106171
29.747495079697458,74.24499065377628,82.88701695222349,13.888035320982986,40.4641577538032,14.842366277030884
40.8153805556112,13.227407372598137,308.4594535987987,44.22979782966066,65.09208651108648,22.034942397828107
23.357200101890584,15.07641571034866,36.46299262558961,45.872555469292934,26.93251248149515,13.461851879456342
18.866593959598813,83.33212440804925,258.8317200265884,50.12929353545996,57.10729016741239,19.13350977045803
27.41177551742718,58.90711186160037,94.32448717770916,35.21461378031549,41.57633954612811,13.898928842848148
25.05336470789286,72.75097795431623,107.80300446180065,58.6432763122332,47.17039366718916,15.197473447134653
25.370784215959652,30.946350188121443,195.22283201244872,61.18056520389367,43.56019174029939,17.16288189066774
23.176271286746847,59.11869996164835,227.56984002392144,53.442256387549364,50.8490467477448,17.23800267001355
16.473261637272667,52.53934618468777,319.12276377544987,43.13560892049124,50.01729890302363,16.418683385410024
15.625587715669484,53.25200960983576,55.72564085048752,23.22325721547132,27.53435043898485,10.69745516852551
49.570283640761104,59.60259676301773,261.7720453939734,63.97669529721327,74.93402535013684,24.156379469428114
29.97205968075518,51.02873385032788,107.66006252148854,21.4481700315163,40.33905745181851,15.056335927509899
28.451432650588856,39.324989544213274,295.50808401523614,17.159415319425865,54.057858717876485,21.592350126158053
38.78765489425744,27.073815550443747,325.95421388536806,31.529246827194967,62.47378360811489,22.715736012092844
22.638886075277245,66.48650647305615,287.22044314536987,8.410434242743307,52.47251121049584,19.32222639806343
48.248641438257884,23.101794400254896,374.3818450295877,63.70966788030745,76.31932787888405,28.016855082970643
42.52207550454432,60.388344492353134,181.09243723563264,40.30601338498549,60.640795209379064,23.78884036629595
18.129385080929083,23.666625811946133,387.2511639839028,38.41712549985051,52.28043269029363,20.112992381631425
29.615327152472492,55.02641359635631,227.72819921993295,44.34777679398319,50.97664446767436,18.501330147095562
45.76914076467577,64.76626137032231,252.40855919484648,34.8214188666324,66.54641265014129,24.647081528503453
48.06562078019936,22.497111112523136,331.0890210853143,6.923811025672495,68.18738057052664,22.536680811486658
31.359052893745442,9.795464068904662,28.8120243196275,41.738677330423805,32.19220395932014,12.43171177188303
36.46939862237477,15.477899439533926,333.9172262817192,47.97043261738584,58.08622656828599,18.821845342124472
20.84618811322263,53.479757381682035,316.92087155461536,30.00494363744319,54.9068500024344,18.6668638729046
49.69090191479418,72.95571249805884,168.72661604157435,50.437734324271574,66.92469685145905,18.799800635295806
23.10850954842052,8.59974569883395,61.18125675175495,18.620077960305238,27.087707400027156,10.082842079060697
47.995612094729395,63.7321007233317,63.64901595825975,18.27659546397104,55.16084849594872,18.340488956919522
37.7376327147329,32.305491676004166,463.1473985529097,14.685019261254437,63.93285108311938,24.043215701898475
36.27078782076007,43.2822695935618,350.8540741884018,27.31968558734971,63.436934069259074,22.78821584014878
32.944097885577804,79.30876398764525,81.00925460995539,55.820722123345014,52.793456103027694,20.16385347811213
23.073443410121556,31.557720378867636,191.22712126827506,54.67472372894386,45.097604855164924,14.158766882298915
21.17848112019279,42.22695471515888,304.3918370727663,27.96945247781023,50.38693413438732,19.193006002775007
22.717017317456136,6.094593180854488,421.0744184435114,40.3471241588142,53.55190437215861,21.9019510468005
21.52533917504891,11.52789760038707,40.957245782244094,48.24897898849494,30.134183353109304,11.693201623486097
42.28545657483637,25.687327290782722,133.58390310560424,19.47240647768138,48.43545178867314,18.137931639074033
27.254384070835552,7.228179265685952,447.0795153417824,15.088465153684824,53.517860409575526,18.985647657943836
17.024493679718873,55.510026083860076,24.399464088231912,63.32575959273866,30.10514167584483,9.749796415697643
48.918592054928396,39.111868544129806,116.67156934106595,42.05343879257711,56.25207698227127,20.830015502847207
45.9325059737199,48.85161621824176,480.3316044670237,63.884943310019835,88.84255193304618,28.835768810963057
47.471329911832456,18.971774871706366,314.43288633064213,25.265359227933747,63.413322217811725,21.56803008885288
49.82177379262524,28.67456235492929,145.60225598600312,47.18190199844789,61.6391107017224,18.917103542097067
21.086333722682056,58.10595798821801,52.15572531000685,18.356218192474262,31.326329944573143,9.908730914627974
28.868470661593058,82.22421789043199,33.53184341466664,20.672010276434776,40.52348543016961,15.146287538399703
41.538346649643195,9.033341888176736,137.4776382257251,35.714127276177436,52.03834605145229,18.971511182338993
39.360721631882726,76.23074566842129,443.11319340267704,24.177087530484272,76.51812760673826,26.8577152056616
20.386356721894927,51.150496104896675,219.63855406280456,15.057293830435068,42.73060367652257,15.211312777875914
43.55415937467163,50.113565340449895,365.76001719967667,20.77284211935956,71.0062390817386,22.023386751812193
22.855420014283123,45.02228281662083,460.7768169823797,7.144903667951878,58.008718335413924,19.7442079965385
22.833616518791807,10.551526872334671,215.85942156935198,47.265417288649196,46.311922474318266,15.187145456358579
33.79410480126948,12.190148138892853,111.81313809795058,34.5269994251517,38.7404707265827,12.570575218532133
35.75289771945961,53.07296045272689,268.21660681132136,10.654583984271538,59.43877181746861,21.702938077834645
35.303017274323395,32.27668571484466,455.88016978873014,15.301639587709472,68.49429020540639,22.682240582134266
18.20203930892142,78.38144532621445,406.0997187860963,11.15207228675864,55.379931755655136,18.47595483928818
45.71113019206331,37.52724298875778,51.59832481431381,41.75556849655259,55.03359158764273,16.13115318711068
24.296001490604713,16.46251669621129,352.4349440372393,10.652621816749628,44.40220767142366,15.099587914434027
19.533022244898145,62.17750668016288,294.5108107802978,50.25693998211297,51.70483009255321,16.464934210823195
46.1061827954142,28.468273715280787,455.58232464628423,6.2306551592234705,71.51907920450002,25.15048211460947
48.44780243804137,47.03762458847145,78.79108008814268,19.962547279753526,55.005220643152946,17.825165154989833
45.17446660429077,60.826622840413606,276.33733433823517,58.44000055351443,70.72962341844168,24.91218156477841
43.333062615370736,77.02112889616564,442.14209288570834,48.11187908733476,84.90881940610863,29.501058151024505
37.93346932236576,68.37529558413408,216.81141763603665,9.378099975541263,56.74672476632664,22.369416327777806
34.280007971319876,59.10888542981793,251.3575605117762,54.26756626911079,60.6791700090566,21.983536473849597
18.044536596899356,59.37065459161148,53.82112528013998,34.58210729241229,32.82630176971082,8.72974881055533
29.295862457474456,80.67397152256692,153.5089474154772,55.806981630129755,53.71859471273327,16.90417488330258
28.04409809543099,28.665927799722883,175.76319160109472,41.04438646702361,42.72480515326515,15.036493817131301
24.091382431611418,5.088967535694993,473.65877539754575,45.90998192197152,65.35388017873747,21.479086139969137
40.319703979100474,26.756364751855894,155.68033305975635,64.61009362374249,55.422520219003786,14.945329431297546
32.35565072775698,22.43131037013952,241.21699292943296,18.94013275544109,44.40492173326008,17.566042077391643
17.836617556767678,57.94676680911985,342.2261233108543,42.4367344856833,51.29533095991104,19.033701861326975
22.706412068243395,55.696927981242325,97.84801875578114,32.6192834034439,35.4943744170037,13.204496356188951
38.91405672808585,52.47691061637791,253.49234582809976,7.367117175361486,59.45198272573931,19.897209385802384
17.664580082160505,6.299475456756296,374.49873894843563,5.868238490171902,42.77312221412578,15.612107931458915
44.7922419917069,63.3022443560518,436.0905022529917,12.15371466907152,78.38913596078791,26.379657099944446
32.3301284454891,30.88243299883932,320.6044518379648,43.94550443231289,58.476663607816356,20.774118213062263
31.82053020643268,58.204479120530486,341.145687352135,39.02978527480353,63.08427726444755,20.698622203801925
35.734272463083116,49.52627428017227,80.6160668405931,38.20577366982364,46.37558925123618,18.505888913766682
43.86383380738022,32.418474034232574,473.9727186782466,6.911405751695606,73.95688576905904,23.529555038047896
27.173322276576755,15.76610136832862,83.63555719255153,33.158179781600424,36.36561172666189,14.576389848597906
38.73056533956722,12.553511812838476,391.8430098472632,60.47736907055171,69.60826471083462,24.42126639081811
34.80061873985269,71.52146664897788,147.11183445359302,28.855512158638795,53.988985082884774,18.161944285996686
24.345989455929747,78.47180336652464,468.12470897660074,42.49534818730738,71.08617354134114,25.130665122013003
45.752049522430525,56.983043741143966,365.58057889735016,51.78912053738861,79.90706736774952,29.067495589479602
42.90991075624248,13.27472918883867,381.8305822296171,52.03551674851325,71.05722407226109,26.920148530332977
38.04581421304489,37.162177351059256,125.14840306874399,36.15680494371628,50.65432018236705,18.198726598528765
44.77036051829847,63.31513600841258,232.6591887848772,56.47711672414018,72.04547404524838,23.879871787943518
45.35529703359308,67.38567072080545,316.55033340285746,28.48268560182482,71.28947482316407,25.034761373756105
39.79270418502622,14.457489783287087,389.58733673916845,58.3215928870879,67.89407135407966,26.488114828921436
44.29546649272852,5.002457507630593,69.90050043794699,19.41362998373272,41.48130936457181,16.53997540586907
39.411501158424926,61.9709636704484,481.9353518981736,21.81298441943426,78.04228986876761,28.6779466712552
38.804927011610516,33.52769407889645,447.3059218661869,8.187237451940065,64.84665111959487,23.889858422041783
36.65139823753145,25.35850652946082,149.7673234378805,52.73491019253697,52.066474001149125,19.272441036312006
41.34508238451744,6.031797583162035,414.9249166555193,30.023314173962333,67.09623840396812,25.221815693153644
20.55117868525758,48.223952540919974,268.7954830591152,18.74699683468394,47.43764144807909,15.918231328244824
45.83047657196249,73.09205883407854,241.66711114976894,18.90741665699478,65.90211276466346,21.0331103689697
45.51452347108312,81.61053170180703,170.9283707894746,59.08399647375399,68.65211884138775,24.1317468455913
16.023654906209572,50.259596049063134,298.8649215831644,55.03499602766221,51.38495679940141,16.758362499623953
43.90358626976669,46.156906219191534,370.3467764977269,38.211853121431,76.1957867572937,25.085994231987016
19.510445361570582,11.804510839139288,217.24779438212397,41.96664802494327,37.22130922250715,11.947040362995605
26.729159899069966,48.90982412340798,322.0252126439802,33.459534233017465,56.40506234987974,23.46974270925844
41.02278897020627,35.39832631723157,355.6702021545458,28.49999257272853,67.68515974032584,23.893992860227808
20.626596361690787,53.57082247068615,361.3384721673372,59.92861287309989,59.13913073335429,21.241557511215486
43.628845844167174,36.09810783012374,44.94372710296652,12.536762211218125,44.72966845860274,13.821839750004575
44.12469622852097,24.223929876029338,432.6789467288321,30.106807382973678,76.08461201476865,23.86398476698008
32.761370681629266,12.59722201827012,239.961591087223,25.67371447927252,44.784257753945376,14.445911249202672
15.223505510089176,30.19347556711166,145.95971921418294,34.8890432150689,31.06689464925286,13.030706505051622
25.046334661121946,12.731586743020182,136.04696359024717,32.457912472710504,37.00279929617242,13.452392952775128
36.592442143150976,19.151756065918715,251.84677416509624,36.13337189906488,55.852351211159,20.446215561072236
49.34151623095982,83.98689268636367,445.6791389451004,13.395138633619645,87.8878959084832,31.86861262677221
37.113473445583395,40.52828455252949,201.60683920767053,35.78849009079663,57.391592411828036,19.200033274442394
24.093125337245592,47.549741320401324,379.8683584561008,19.545128833232653,55.21882457105966,21.408536975830934
37.190199608486395,74.88948229897723,66.47299087386493,16.059880939291475,50.53270258548052,16.737234506084906
33.89948829005494,84.64551203925502,248.50721703250966,8.890053127171473,57.05384673224889,22.078194895180943
42.294588830290024,51.617155947574524,496.0093473885131,50.759153525368454,85.41198118562899,30.557646649173154
18.744322358943545,69.99790568353373,389.81014534032175,30.6465152513936,60.780972477691336,18.589772635822484
41.63597658757098,31.15528194693402,121.05367445149425,42.5986209987055,54.97123627294078,18.11791846562847
33.944330253663864,29.45951659578329,260.69190737499713,48.6556005982846,56.985166061065854,17.26740032206489
48.70472013506481,37.21629767956482,132.13988655131195,45.75899991881321,59.66945526343605,22.62923254139393
26.965525811354013,58.80058101389193,216.58924508600444,33.23004314538093,47.24372138543744,16.4981993536995
37.14176625968818,59.5753351404079,394.4403313927831,28.273911737103788,70.92074600029264,21.479747440177754
47.620983692850615,30.219154771956063,390.18791133939374,27.557594578439822,71.64917873338104,25.64083287926285
18.587840479673773,15.656793930930295,129.48818139314486,43.40292781580338,30.897113103071312,10.008243192492479
47.80299705327579,55.59170051724068,462.6671927143329,34.6876612965124,81.54174479395274,26.313901895333473
39.07600028052847,15.266068975101161,304.43272772711686,55.94793487931064,61.932778971888624,24.193421395614063
17.374297068681017,51.279400658346404,202.36365966176697,57.482119059602724,43.912596395275465,15.53033753749128
25.533724843138568,60.47377024450472,260.9290787748131,15.233622680391107,50.486541899239334,17.230142561263797
39.786023102584856,61.04891971155613,310.43420165011696,13.174019092743539,63.39754001101636,21.5900018323767
17.35727105140701,65.27776885276774,288.747455285977,42.82405556215997,52.14609367501523,15.98121358251867
35.375966106169564,74.82875372525316,253.47441705736554,23.073544883736766,60.148105319435956,19.09501351242642
27.105906993353486,44.996719357183075,262.36774596291207,6.114243125905931,46.097994152833905,18.061673130804493
36.7320431218617,63.4199351623657,104.67771700538536,58.318560161777306,55.009872376961965,18.542631027258107
16.60097118343795,54.533818829266934,410.1117940662461,18.614046034628494,56.75493045638362,19.89732721113956
45.503788215333174,19.931195183814605,280.04495357168736,60.75683910114854,68.3457261759483,20.854508447280292
49.07211392120889,7.055171589552653,82.91833361825749,48.04606705269522,52.25826283860155,16.313253939817283
48.9107249349992,27.763310854154703,387.7554087597334,50.75920939468906,74.63234810487923,27.03604061651986
41.237814111002365,40.44269650700955,467.5731096211284,17.087689747589625,73.78904733175813,26.392734206286093
19.553018404572118,54.3684755542925,474.7073116337418,19.051665537008773,60.21872062662669,23.706615017405813
41.539211857515795,72.99674644025643,197.1285115573629,36.276065229443944,62.38701051133307,23.849888176413412
15.860542076058053,20.699657336493253,85.04809930916194,15.32599115899173,20.605407244907152,6.865826076990269
15.774324303514904,15.043983191878167,268.8318207838713,23.325901560981936,35.325425249026615,13.073329184229221
26.326357670233943,82.0783957979462,74.05243008762594,24.28774867686827,44.935270916198164,15.252439656314746
32.1025116641633,13.643564750112569,468.3139608860563,14.577795995165845,65.46106559835609,25.9935876873826
41.96425962327277,43.27928560857514,108.11822113047008,17.310970003709645,48.33129339544386,18.639474732483947
38.91533818122768,51.84509830346415,141.32761277655874,52.31311052049539,57.62078326218764,20.421801778052302
30.60659472318619,48.30995367259506,215.18553290478582,15.031751272836102,46.585003602209454,16.605343438087836
24.576933319858306,11.882572562635456,203.91894490838038,6.707443510635349,39.48509746366354,15.98705954317195
49.89935750551989,9.56215312028955,401.4381883509867,42.76129655773631,76.05371050392208,27.488165447043496
29.916345578259055,13.438674196882854,239.03207386446192,63.558987163547,53.66026106896321,21.11903339974225
30.79854585153864,51.847014709809,101.96876480160171,24.872828877387285,39.676776997647494,10.596400059788312
20.726833741708422,48.54759101074569,148.26074983331557,12.119342191775138,37.328466935985475,13.756805819843112
42.81833420624753,23.69926336293954,264.3744248900106,39.22323952205185,61.90373841609238,20.893156148610256
39.27887790235211,56.021931347647325,90.77788036454476,59.38125266573877,56.36773788623414,22.363275241623935
22.72693644760661,70.60540016445195,313.59472431008675,52.04370678970873,59.98854073632753,23.315587288499376
17.883336596554493,8.326316787727501,291.55870714455006,42.35095210476296,42.14643168943686,14.80050480495486
38.81747557261496,44.85039548384339,363.05711186348367,23.90338979645596,65.40864830384278,25.19647337456152
37.90789249983973,60.144832968215226,470.0982153820965,37.5128103965732,79.17327930000597,30.38531953499085
24.564083444937324,25.184954165574965,457.8821893285547,10.474690478255322,56.856838489011146,20.01150347904312
48.28022467876436,29.621672423451926,474.116296673039,45.7367254568402,81.04381938899246,32.07323744479515
20.287026212331508,54.09103223915071,137.46348657137645,48.50576113385905,39.054809850512946,13.622171718674947
30.131718036491066,76.83482347549895,83.15134718689022,62.90189737459513,47.482848760203126,16.297215640567227
48.02655720586596,69.79395362423195,165.09281623829528,20.623841524704297,62.37251670083985,23.129189728170463
29.69045609241428,51.65041752796668,449.640882927831,6.107385142581359,66.05265699202069,22.58774385049377
37.348408168243,63.41773742057994,486.58566781927436,37.73650786562904,79.19897318953132,27.8476502800283
28.915803928697798,34.185797616623894,432.47597651382847,47.40743026380887,64.24678576726072,24.600526654617614
24.59753208220345,56.27724224790062,72.80850614122093,52.42444855297928,42.315126245333374,14.839122464192585
49.43921767859399,42.294527290204556,474.76543906870074,16.624335981488635,79.83908586798081,25.401153364330323
29.326690221026507,20.194890916604873,223.21185312837727,20.70517214222142,45.26399781656696,16.393378317572232
46.29347212876971,61.13906191018057,24.468939565929766,35.755455516037784,52.66712423028373,17.389053112020715
23.048411206188014,49.51717098790576,232.34899555913293,24.83604859820011,47.2370024960523,17.830857609560123
22.458664640877917,33.68972655628731,42.113201444224444,56.6306891952467,30.903956511865953,11.860669352892451
16.089692900957896,77.90713520629046,281.06140215733643,33.42560922432322,47.306814293140306,18.764485524848887
37.80833888815597,6.674729426138661,182.50593316978464,52.97471864612018,48.31462147758718,18.27141596834456
27.898422030331638,30.261852099959683,247.2487681251434,39.83718562894123,49.33726228282094,18.903408224474422
45.252538744387294,9.550511822211725,314.32177315669617,51.38540849702672,69.40075953950759,23.286620698621086
31.5623467342045,66.32218529773017,437.0245259925537,24.96037919181943,68.34479603816905,25.12665835719492
48.88676997701526,61.16859632910341,337.71275670652574,54.88499731581867,78.74394442630305,30.513057483246502
21.49339304960924,31.50817749890536,228.34345686952673,21.474338933061293,42.71619459848139,13.917693246513334
45.401810878446376,59.05303217656584,413.3253697617752,37.765928480197445,81.64441116950506,31.275151346917415
42.18088984771096,36.67497809567599,454.67942603510346,17.840426790432453,73.44500867907303,24.88172790087356
41.98226456254182,65.50030331379475,77.48478388745467,33.5315912975716,54.9944490555488,17.970100301867117
44.567412984091064,41.334693018936484,275.3278292253399,24.09051257052219,62.41467509992011,22.289436950004298
41.63583968300496,37.98237822653324,156.5657406763732,21.002205838232854,55.72189411532847,20.576528564558178
36.91771125709954,79.77839323906407,42.58937498093475,63.01910108168225,57.78232555403338,21.591439129870075
19.593570718883566,25.07032799125602,340.902413654713,14.604446329203837,46.427355787603155,14.806930894501301
16.138416282193816,14.635787199725234,434.1299731804283,52.23955024744372,48.78932887815017,17.728075253233992
47.22967467354904,51.763449060756656,98.19327414914915,64.04989756899289,60.45531113059659,20.13102703848355
36.58276100822583,82.5457449827343,409.95855565947227,6.19408902440467,72.45568995412172,23.12610809983674
42.87880518416617,35.227137098174936,429.629952097732,46.9416448425257,75.52419462778565,25.040363646425796
31.853282302939252,9.962941090302522,458.88341247991207,20.174708333377225,64.52540417847328,21.457540913531922
19.105786613683808,32.144421384765394,147.33684276130515,7.429269459698267,32.65751022935328,12.212521320802406
19.381502727089266,45.474532345564675,453.89747129114687,29.173374737397847,56.85387898484021,21.627178139297076
38.994785053014,17.953840530577097,173.91812227348748,61.1130686102525,54.858140675577616,16.990539291639266
30.060706321481195,57.64817744451936,285.12224645864137,5.705905662019861,51.681811864978116,18.616575764054424
22.018365434511786,84.81995112081604,44.24358599949542,40.273141515786904,38.82287220969833,11.822957994738056
32.20580913595029,41.13915807851551,41.062922416996926,35.083788715719464,38.71270892539359,14.493076237408758
17.247312797629693,33.37828453841701,365.7791421114574,57.40304986226285,54.959092161743385,18.30158638510456
35.368999067003955,37.05633334675733,233.3503894293397,10.04010287123754,55.85450103950932,17.972081836793343
24.41476915522842,14.211694271616091,143.02034017722443,45.89156179319902,35.36855400988779,13.578490676482087
42.914568522301586,75.6618881140979,111.39847809195689,45.80658190599664,56.17619634411581,18.78128481227289
25.862668562325084,38.186052441708156,341.5776756124247,45.144801011736995,56.28739245267425,19.22664143140694
30.93270521786304,35.98195291398731,20.19274113216314,61.540069696102215,37.311556120997196,9.729061011014455
15.406718896783522,57.77522183443794,406.82776121449,54.385251740412826,57.331346562150465,21.48579833888787
17.53564107280956,40.36267367448988,58.03981094236583,7.51836357461036,26.717624842228645,10.582531476533685
28.73727447423397,56.858677504627686,111.91501515589734,33.26497104227079,47.09309478085219,16.490769939720238
31.797859215099322,9.915703210463,205.393469743563,28.877183372080008,45.831286763426036,13.749578955165473
36.00071918417563,70.0978674977782,252.73219506372973,23.608833265448123,59.992889143261735,22.81156496764375
25.208190254825613,80.2403162303522,190.39765559069207,32.080203509245834,46.156551912222156,15.155398089736565
39.32436601442899,56.901230892750874,173.94183919246106,28.051651095558647,56.230355215236656,19.000594150181946
45.10428390162216,81.36527430870485,482.67968579513047,30.94003399271992,86.63837565046434,33.79149756220181
42.29478461126725,17.114585149597062,327.95824699682925,63.75571193651855,69.74596522773098,23.355633163542
16.3866588871925,43.1932951584283,31.24781857634634,10.317978484974846,21.83268940722928,8.75475623617
31.81774315402401,53.14453871563578,226.48443605327034,60.33385219032379,57.028802395296616,20.80321923147774
18.67255624463612,51.538931793694935,440.0041758771057,33.8142028082616,55.343772966732395,19.955578827676465
23.471575555188462,37.11694232712346,164.6989694771206,42.42453472997247,37.35179186141709,13.496127965327748
49.533190764350124,32.04675274930091,65.38704549170635,54.810977997061634,54.62380424056707,19.68291432703227
19.987344001552962,15.145921804033504,384.0246903631605,26.627781748955332,45.80680899004193,16.440294032925486
32.46108537079746,36.33939604498225,310.886639329319,30.825314485278014,58.258883402318574,20.312731652647408
36.63545070113417,18.01286520843881,293.75000375672187,29.571108816722838,55.76096660848468,21.78326299913575
39.58627396904364,63.74925411937747,45.7167486115558,27.483861352145592,47.28137134325023,14.579489128938661
34.587703922041996,21.7064748395672,87.43952470184831,60.5317592988137,43.72546918589245,16.83610137108542
15.341979659671429,9.685224422762708,318.82371018229463,54.73579347158073,37.39829530625598,14.32291680522092
26.426145788539714,49.18929102537874,119.75544390024119,11.539999391778565,41.567384196833224,15.596183150885729
33.1199075184649,52.618378617552125,261.9536382792437,11.487401148625763,52.36595374834476,20.003552953380858
18.07532747006917,74.75304490244044,281.54320929410886,30.67217089117947,48.93814192104912,16.989450579464602
27.271942592321327,51.15852899341455,156.0834513300509,10.919442603968543,39.067311057389695,10.870097756346077
16.16210880769783,32.63846829787566,475.2440746599166,42.14558571626718,59.057201163381784,20.561581417611897
17.750247400425728,69.24095052210563,424.3827712810761,13.621496435704035,56.52592042464983,18.297280822190608
28.892314667055864,48.22231145499369,366.73928366374327,36.34239583800806,59.55798857182519,19.747507185351722
19.645051391507113,11.34242277049534,57.43705587651636,5.433196820223065,21.42971019176567,5.636769056369365
34.86392968915453,50.26804482505973,70.94240926832933,23.995780904758803,47.18164766879521,15.797559396412572
39.1312739198043,77.64148363373299,256.53504601517875,45.631443420359325,67.28153366968324,22.65360124341396
43.0205344688179,36.70501003985764,97.14240761167312,34.04233641367091,51.221871454856974,14.361300264309286
22.005258548568353,28.706064151984005,489.56742249414754,63.69616915993929,63.396525801098264,23.239116897307824
20.86189037906744,16.477556561441602,96.08971233315654,57.44622776397265,30.30486731612834,13.937186347652242
18.65987441170401,17.115641754828587,253.9845610227075,26.544246742589074,38.74612296595963,14.470498828330303
37.27505873402728,39.62171874734551,194.7781072839226,7.729192488336476,51.15291288932411,17.599133576462094
39.72665042704154,52.65438593292237,326.905482297967,55.73757800690113,72.72454206492763,25.371470129210344
16.10551506889747,11.44923241356814,81.93747626692397,59.67405861888028,24.36529270382146,7.896373644317746
47.767428618529145,80.16548712201326,226.55188546034762,54.23764360514221,71.59544009203817,25.193466408013798
16.818994927801533,65.41068939561568,151.85841574742895,12.676996455185892,34.54640576638869,12.035729877126188
33.945371735537464,51.929913462693015,446.12073184241024,64.87490806473727,75.4351179489044,25.140718636519097
39.817118180782074,71.27509367511927,39.48114182465364,20.51505329316643,47.94929303958624,19.306585147276927
45.483919331113,11.414940544969063,458.58919712310046,48.452294768502206,76.87899936937858,24.676918425717844
39.993042624634974,43.14711021864995,419.8371865054402,59.482092580143295,77.16873760218951,28.086555475557695
43.06048290744272,55.40745014893307,162.83394389159142,19.14122685984257,55.085754679124825,19.12821769671739
26.880756738998212,71.29223248946315,398.85951424501025,59.49551328062397,70.48624818632528,27.521434587812465
43.518878981127926,67.67756480394141,34.98250896259883,23.568894751692017,51.649403380801864,18.58858808215298
17.80401962346363,27.165539977071973,484.09546414082894,63.584793343043366,60.648606563082616,20.687153991304044
46.31858296211847,80.27041356473634,272.7655724430989,21.875601222828475,74.51592034817548,25.709011324209673
34.16573316538077,14.947667314469628,165.57489251141374,62.20614948547011,53.164403960056156,18.667401427799298
43.60542194868728,75.01068948969217,194.039942045445,8.212679053560494,62.75776750076678,20.251032582773774
30.831139958140504,82.67521996836949,51.874569661038734,47.55632070018878,41.45406139693192,13.358617201249304
37.525219331878375,19.172281857810045,494.8877667401788,36.92666803022022,75.97128989145412,23.912535508221154
33.42409313276396,62.76528513630282,38.86013367233238,33.67262462736384,45.27416862542999,14.461493671339355
40.605633261436616,8.222841502239877,334.3554191109723,18.4096588553504,63.76558071272927,22.458812971945918
17.857049371070634,37.433826011132396,232.5132452991,47.33574738658952,45.41381937958609,16.345099356781912
17.11232293966973,46.302663935813925,475.4797847305832,16.448569486778425,59.42532386921161,17.829868811729458
23.648613190355125,51.45161807277073,138.0798753472617,38.17050775908609,43.51246391773822,15.023544816642078
20.58406380396159,79.87497985988476,275.40167549024545,20.194721782415048,53.30896195839091,19.503251611670013
45.512424830727056,58.78005498353558,251.53098011972142,62.33728278688137,75.72769031437298,26.260323319966187
22.672489557531552,43.50223609753896,357.37589314404863,6.71787163013917,51.07244500465865,16.924672782963825
49.155283953669596,69.77400290127115,52.644911337161844,16.983696806674192,52.75725270452488,17.846796729011388
26.79135271198874,81.04262567635271,113.01878241121032,19.538636383246864,43.67710275883361,14.47584093312593
21.374127049104473,6.765291894583267,122.99111364456792,29.844069546068987,31.76680308393898,10.163285240716558
42.63944774998677,83.6017017804831,374.312362324011,18.963814512203214,75.71257035737194,26.760134912947454
38.054772142530666,11.890571125094427,110.78657423683524,34.48094541612711,42.41518899220933,18.30684848887644
32.436850075859866,70.15094234150091,295.2760466676688,57.34793139551234,62.07187105619022,20.6096049943088
34.43772428281709,27.426780204113,123.31703384045778,47.723805284550245,45.63174995765448,15.493898536186926
40.17206223952924,15.57437262030974,433.57997604030965,39.79771883210666,72.1252715240465,25.166298124353425
22.995915946595456,40.18845117710679,472.2490181550265,10.340190678960779,62.120281343334575,20.71106681862966
49.871687061985966,56.516526355809084,268.8766279722754,46.639526503356535,75.69211728905432,28.13959475645415
49.11776067513741,35.476147601878,189.10826442040556,14.984857058656392,62.10875762957063,18.181737110390063
37.76139902214279,9.365232662615917,132.3477320083996,52.18204315770188,48.17119180532488,16.063328376295694
21.98398578252008,52.956891172697325,43.89488073106101,20.00340551060919,27.976828396341467,11.019360543199454
38.807988485095194,77.19226208885398,148.88003657479777,30.022923699254054,56.425380599768125,19.307741747335893
17.526944314271155,35.65722927578014,334.0331743737526,26.028212139075674,45.95324924506983,14.852378797499002
16.072837577203213,22.306622210466163,276.1361270284212,56.52883488049141,42.61523515172082,15.576467434760431
24.01890109789248,40.40618767462523,473.13981357484516,12.592667522804488,60.30417821375397,22.465977227909615
31.191803485876072,8.86901688390247,210.21308599601628,38.93869294308732,47.44422128123432,16.9214306162546
45.38953768929332,70.63900675842198,353.05440431762935,13.523696566583734,75.25927649628811,25.13891623398151
40.45091744182078,71.10726487601494,254.87491878805827,47.2877501679312,67.0672211524233,24.157832382075767
40.99472824199934,52.040037074370275,266.0365836436216,59.30468766766887,63.88892843675775,21.758051002453026
29.892266705682637,33.24823111507116,148.5316710099764,31.076459232035205,42.77200373992789,16.087981631815502
27.107724739143702,68.98266915566268,238.37637288415985,34.28553561589855,53.7052807199536,21.021736579268644
27.986356704461095,49.374961983069376,245.9767985660995,60.645370188965735,58.12294571763246,16.434665867638564
49.56773473076203,71.0745846840013,359.1884104394883,36.25948331896143,79.50287472202885,27.992607362503545
16.403821699436886,55.51670340664165,471.50719960933463,34.255906282973655,60.37485499756565,18.527598343726535
45.3461023642857,67.75243785702378,178.07421319160204,39.69974616225825,65.15651060155916,26.46746158854036
35.25363930003377,52.885039457420795,40.25622491902325,46.353784181777115,45.66337333804385,15.27999386762106
30.351539671635667,38.1312854572533,258.2216602403071,11.413002505221883,51.567936340684625,19.168337581977674
40.38401811452978,81.635668794091,281.3414394316009,54.266631664490966,70.67715912951451,24.684030405937733
32.0334129498646,48.289105990307576,100.85146454331932,31.130301647195555,43.2265118267825,13.924652268295283
45.56981333285812,53.40716148324307,385.02301101251203,9.340910593849133,72.72914981258164,24.072122863637432
46.52456524039405,22.63901115317994,492.765972051916,52.170960151892785,81.28182320615221,30.827156881804413
29.760232440570938,55.05206315418212,473.97186416406123,27.616998301176324,70.20533597077417,26.005774680038428
24.688972903226805,50.72861195863551,114.61089863535305,11.022049705703235,35.5314269415054,15.351375560593233
35.73226150076768,19.787071835761996,440.17435515236514,43.02674237259503,68.96536073393357,24.221056259613295
46.932717096584184,9.766967788251497,358.15694547760864,57.8078812060185,72.1401282350811,25.68092431414738
22.373176615198332,53.34874557718169,237.84635062731755,58.26521056483918,51.30355111146431,17.555455540529575
36.803830424721895,66.09538154802564,279.49327727586996,62.45980848853839,66.9252479752431,22.993213486662565
37.104607703238216,46.87210967376066,427.8080839915799,57.06232758600128,74.13465298772608,24.384298146988076
40.65895578453484,23.141810025571658,250.46477102641913,5.128455160728514,54.4556250908397,19.185484068180422
19.604868979454093,58.32175813544279,199.1395371704609,27.814469984803413,42.74957123024936,13.778480038257978
40.0538737638731,11.40845812876818,256.75879665247317,54.11255479433018,59.449444635923115,21.470169005819393
46.816138223297436,40.34669638415637,297.9823059368236,26.975180359908453,71.62799835913786,25.324814754168564
21.28890881045847,18.069340671873615,110.75727381360744,41.09291038278237,31.383479247586678,11.41574080216892
23.31401637233572,19.75672408479067,452.43571052815554,41.37901684247192,59.068101978005764,23.186530601837354
48.998828291457386,21.18351593265629,343.6097354382146,26.901518242329384,67.1250874941239,23.43720369829498
21.334193344832144,35.93656456351823,323.9690803219947,59.26843563687726,54.3467573169646,20.15645556521775
44.90347826793527,9.09201644963181,67.75818856670631,35.193700723167055,44.82683674058981,18.766657055334804
32.22972497568122,36.823475274327855,310.0034903228441,32.88705235625005,57.14907541914725,21.96210200064411
23.653087604111196,45.936595769176066,78.06111787447632,64.85082473971374,39.79751258346087,15.658883951893571
45.4762465445379,43.663542797306015,57.77488409379154,34.610021844357,52.480841629902116,17.90826224718499
30.585683925093292,35.622728032243245,273.10922990834877,15.703895115714863,50.067434191364434,17.868066550329246
33.018607387539156,72.1317286456602,213.3370563423176,35.78416537180628,56.08965137999837,17.653963544954514
27.5731679289918,16.62613539364033,302.62892967498715,53.8410041311958,56.29976467640264,20.453289238187544
35.75327980022246,45.455739502509914,62.82664066747452,51.611619613896885,47.76107170949771,17.128065364744963
20.723335540475798,9.963313356524344,226.87187016668403,52.31490590650826,40.305652630126666,14.142056108278604
28.687853782811622,10.69245431023278,103.89762322167583,47.4814270398747,38.10837846037544,14.878724643495694
48.92943128173506,50.909267974167705,493.808041243576,20.253069744001294,87.53050369081949,28.824014058150226
24.03467014453946,50.28147399102568,289.3521019688837,56.725045150413884,54.65785247423564,21.58254264272299
37.985783258945226,75.24268102755656,349.9696932516163,58.606607922575904,73.16672660296602,26.96100134294853
26.38165224786432,49.62989405280585,176.20077472765175,16.649161797112946,41.89231952219702,14.556360863290996
42.071559399031024,81.78328163238801,65.47467909408519,12.827338193083635,51.242191223416064,17.711672546469533
19.580578125142246,8.895587871994382,488.41801413609755,63.536298115346725,59.07568024206443,21.39740490759544
48.943736577749064,12.840614782459285,157.40433698392795,57.09943781902207,57.6971519173192,22.475280019157385
30.882633948427376,8.525268925630511,223.42792888331562,58.5941688325968,47.74704787303845,16.86387833359847
23.261766217126237,19.8221480266832,331.934682417236,58.18258307746371,51.471319780682066,18.23100827620756
17.572386156550444,48.301608875334246,31.854702889333417,37.5012094420237,30.07343713027484,10.552880712035
20.941526678063926,56.645774514194244,408.92438264829775,43.78410419994798,59.36719175897936,23.451553284694985
33.19208819946061,8.646812635893504,277.5575312137377,37.7217711280185,52.25422070858587,17.735652593599518
26.79511117509502,80.67767118764795,153.54424979303462,8.072380951419744,47.979210433019674,16.748462253628276
44.01091780589133,72.37323013203049,49.571832940385235,49.73018512116636,59.22907353038807,22.92532921702732
30.081063328163207,28.72899857256745,97.9992394277319,35.319922000152815,39.715600464960424,14.120976413155443
23.704999540567044,11.175002418117437,449.61625224964973,43.862544487413786,57.117738415196165,21.69679673538694
36.60007453114105,18.59096585752458,349.29162748922766,35.15838829853212,59.8128847002307,19.567589559726304
39.737202590990606,15.155553100397814,139.9528263857071,34.50867933934735,50.17515575846061,17.25336573301844
20.846466776533244,14.862702343915748,51.48836717361418,15.30734656866601,24.288113803446095,10.727490888866475
20.86667257009112,46.48493509325871,351.4953499455854,21.722822908468938,50.60102345110267,16.695848634240612
16.283499942674005,24.667795399472023,294.7557084645273,14.531161516637347,37.8084199229643,13.005998413382942
40.77407052729742,33.651177322331556,214.16937173995282,16.739977737520547,53.51088161503595,19.1138364115998
38.23315846676318,84.16042667074579,194.53349561123065,63.37864282521829,66.52214368196908,21.7990185116997
31.612080651243485,59.74513991402758,124.07085244597198,14.186806746331905,42.33220532558986,14.195556686023604
44.5459657139219,80.91845336376011,341.41340313800845,21.15622545831246,76.68553410555407,27.008891959682384
43.19845535325186,16.404524402649248,485.92065334105786,40.4353794643151,75.74268216985953,26.57996136069378
35.48740275388633,35.57115798660554,104.34331800167641,41.61071457419851,46.67474406902774,18.25668845541541
45.38949481796405,49.37854426258834,306.6159776074416,14.238447784629745,64.54160397923212,24.90174718497962
22.20444235128689,11.140644951099041,223.60882675806857,52.62304554711274,42.580114555576266,13.618912786450325
18.917186678920476,5.334995490236629,234.41058643743915,52.112172074769504,39.130693842592855,13.862645623658732
24.441236403094635,58.6347467037534,141.99069446135093,19.239062252233467,40.935826007225124,15.33891156516594
16.99803996312602,56.34556134411483,416.06474031748115,22.319978160527626,57.306784099712296,22.331895633598098
33.59093348003612,37.86310479996894,252.92268999067574,61.279271927569816,59.36637859889056,21.85596795558739
47.78119923032365,44.17152608256261,280.8348090551668,54.54028675876869,70.71127609918032,25.18531673710161
16.377023923397836,38.23544004736717,166.28523814271637,46.867821983751426,35.74966513525628,13.512196595313643
19.27384699035094,6.9204035875911085,107.26806352013588,9.933993290636032,26.575306847318757,10.312010648065954
30.826965989920232,31.829728497396992,61.236986337353834,30.095844854154542,40.619414099883706,12.825223496532743
47.685625613476674,19.16658043178319,362.7771876439596,38.558112324609624,72.49002849278659,25.66070816123471
26.06546367418627,12.8739351281095,114.19245521017069,16.244677279026618,34.47502674510501,14.255000852069792
32.753218304093735,81.53763471114799,351.2361700106229,31.89359492649347,68.79545504400613,23.767374112361136
16.455050066763725,52.94877800337325,207.38069410253786,41.0615526493214,44.327070260569855,15.708644555020614
20.19201203367311,63.29250273892821,219.5719044750327,24.64260080692395,40.63870954942422,13.859773668009444
49.53205430355964,30.2290994612894,245.20519812453043,51.85668913702923,70.06690855751434,21.052628751719705
48.77915437526159,36.45177035952122,196.50008390122073,55.426974898328325,68.13170628621978,23.876982466028938
15.172899332704336,23.95391951173788,68.29758906684324,24.416568166044247,21.322872381909782,7.915693229647733
48.313412489813366,12.75725367723398,168.62326880136598,55.31942926954743,58.49938610145393,19.706045049187523
37.369197823542514,19.3225309953267,338.59249313309044,11.214593966180901,56.39573178250461,18.006550700549518
45.37714030820077,68.80112362371887,339.57651270505806,55.26374591735938,76.8294771320548,25.569407306546708
30.915894947185066,59.20366441470207,157.3876674751973,14.165025900056996,45.6905433699257,17.13797160367734
33.04586100027376,48.75431007883815,240.8492607476902,9.975629150583563,52.51957906914771,21.34063983377205
32.10963030899221,43.00718982934144,112.85466944573,43.50652426646067,47.985176637482354,18.868461834476975
38.34024901411365,78.79474269248996,120.97859913432117,33.31624194531766,57.882009605149356,18.242184354556443
19.88779391647095,10.818795822293472,31.062602435171556,59.47343602476997,26.527995701042936,10.566739461191082
16.049075645543727,27.448065059033276,450.4383439557174,26.79135176545095,50.62508432127722,16.72403594873309
25.77754795569168,32.99502828565713,121.13919923595498,22.22913580625772,39.8582710634166,13.076994278432645
39.66382669578263,67.59406497702302,129.2162609295024,35.0440943686519,57.21509643460372,19.332320355154376
22.064870824303192,84.4011696129577,154.20868766966328,32.35677114611968,45.89480580001773,17.12228245478935
38.570135166372104,24.253641180572245,81.15587441380592,25.665682773031296,44.788264980692915,17.114772807916076
48.94692161375446,74.94458673096645,326.84618392705414,46.62447792189971,79.879490314968,27.810775003319115
18.286525052629642,71.4498208345433,56.06861752524155,50.5737100348345,37.54548147940942,13.019312406281259
38.54107413787942,22.97259181134133,84.41716463664812,56.1790381418082,47.5413930909598,17.33588319668962
30.53125767565999,36.94660641593781,329.4832287632446,63.37139628262057,62.62148959702719,22.76951316824588
45.384978903212684,37.77382954340153,183.03709783109252,20.999371527950267,54.765472519796475,20.93225394206656
21.200242630658508,83.25765348212467,359.81495681657077,47.96560894939769,60.112550364268564,19.1128346642302
39.24190832791576,19.471352110311866,287.5638774416682,28.655494129744714,57.18332056475044,20.0442032073687
44.334035137683856,68.93263768838256,142.89016306952627,45.62491831706649,61.57850058572412,19.950438641166677
48.061497681590815,31.73541713384879,332.3974162348775,33.55890142095322,69.41843211665379,24.22003782223372
38.91368099013761,63.46962766209283,75.81136654058271,64.62638616607589,54.12343822848663,18.603940448449176
32.40111674029495,38.60088034365303,277.4769838784146,48.73412814744499,55.06760449725456,19.203537393185037
36.62465340704249,51.2687810493232,229.83109042161664,62.14947802605947,63.05411402620106,20.869325577004574
45.41167445675514,71.60894186609049,148.5793197523716,55.09817296887115,65.1773737571425,20.58114612518873
34.97134113235904,69.33324519871073,309.92239891496007,59.174060669802266,65.1146496327322,19.648471081383914
16.06354708938929,74.31385468317602,438.24012432333564,53.86515183288049,60.700086445939476,21.048260024681557
47.583204342744224,9.769386027572722,499.4742558862768,32.549547822554686,79.81830754871709,27.289905983301573
39.13343628610464,60.364044243179585,311.7261289968438,20.10730720081306,63.96861325962714,21.375108143663756
38.677968502203626,16.198990137741028,214.2588196780017,27.219210527031333,50.864916426326744,19.78654344346185
22.5486303339201,38.265485441472876,128.09940810377677,6.214173958397026,33.48423943351909,10.430326521538715
38.060991458143,48.88707320437508,143.40612290965365,36.43959004788003,53.71313354232858,20.924847863023206
28.785254197895547,37.21915877974646,250.1383895118875,35.30346801622452,48.29141210077857,19.337759851676385
37.79315419645222,46.5689340642406,196.29329661474043,36.51502788982929,57.27708374795535,17.120628611600303
18.730756060779676,84.72210470388953,458.6309708599732,63.44187349832383,67.25962673666538,23.679441546331336
38.02458566110626,15.817385097028378,196.78182447474057,59.68724020729036,55.057896671212994,18.67071909867056
49.979480401973326,59.03648362691405,199.25340374980902,14.70276669980648,64.8163500895489,18.318016614266217
16.687421360119462,36.680077310849214,204.09656596830894,27.13295129335335,35.960711965075504,10.419287308173804
49.2010964477461,15.640783912586302,421.5777009764759,30.437370767795716,73.51831014514752,26.893812711464342
29.24177862530047,17.698941069944762,332.3783940065129,26.631975071098864,52.5479464123033,21.42058012337305
45.47637076180407,80.94184849964935,314.8010481530685,52.90975781623479,81.36764470414653,29.832692860500156
42.38349194203957,75.36811973694097,180.38865074425385,36.442260192055215,60.32190417563692,21.598115170242387
34.84556913453338,77.56335683320175,412.59400487957095,39.325989018297506,77.39516364357202,27.056308702803573
40.84572232379642,84.32262206619092,38.414653450736544,56.18081353927553,55.52038507397506,21.956129147863443
45.748044645547175,21.665231200681436,437.9826427222943,53.35568920492152,78.19998953626663,30.59235514062978
29.144911257786156,33.43514698912494,266.1199519010862,12.93269136921798,46.63370340336395,15.441532171891104
26.446160654713353,58.537522393989335,211.16011273443814,47.83487504501806,50.00977951878452,14.503442991109146
38.365768494725465,43.70420318885178,258.6402947444891,31.12616773412213,58.79384199673522,17.430563503950523
43.27460796794405,38.47116267026668,340.35945465623894,22.678934183750027,65.36398039961186,24.860214628103854
41.67997971718155,33.62489994684744,26.127404728590733,8.00112925413118,40.94181964690785,14.259049065256168
42.92347771005221,52.50245055547617,438.3448910999589,34.23497362072706,76.97497086199348,27.216102667385798
30.245416018452655,51.04747429120656,234.43497214946856,26.326200843471884,55.72635012855907,16.818246055560603
43.62419756612576,17.916626725139206,184.62392945603753,20.09078238058405,51.04869052088805,16.737258313128116
19.207316937971296,42.73918700147512,86.3578715043474,46.68030377581745,34.69577846451658,11.700301241729628
34.057118428629735,49.27774209678799,230.94337969205222,51.16912323893522,58.60895994808861,20.824893556877118
15.201553117434255,50.62295509851124,258.2349302165019,19.68737114176549,38.50297136825634,12.878151920519079
26.36050404650946,21.808575432988142,213.75041335686933,7.966846200760836,41.8339943638653,13.08590872990084
27.826153720498926,64.38171138018294,345.7568450369106,55.9251620339141,63.313813672234794,20.98298429637839
28.866044206323938,7.015927585685571,222.0303338044285,5.597584472258199,35.50222349066416,14.238263150653303
39.34135223414518,33.38654844345301,481.4804373663552,61.22674963528832,80.251072413015,28.455052273960497
28.5995335444621,67.41701188285069,307.6532085553241,42.657192438962355,58.387906082802736,21.354002339414283
30.704276791788573,50.111433684432185,407.5894091129163,24.31079811207922,61.98881639059009,20.347775020390536
23.31404458060146,25.892994600868818,72.49083349254985,19.788674574604173,31.812300875532515,6.703570078335443
28.063812707026905,60.59624954744382,210.69982061403473,5.540339855868515,46.38662919815056,15.45066375902595
22.9544369542103,50.39127553248587,181.6868966946333,19.12828502065263,43.208480108775966,13.823112206433342
17.561857331895528,68.69948875651097,293.35154630556406,13.263698091028466,49.20416362411726,17.74497567138316
36.12070076834823,63.80201489518587,433.33448962948427,41.72997324338874,73.47184495143131,30.64373130352372
38.387447949425564,53.80863376289877,57.6023445257632,14.992735315628078,46.54176186349276,17.332365678649847
36.682162110336506,44.05421402486512,54.83590306146118,36.71779025219716,43.52685201097223,19.33833844291551
31.222291533020034,15.654570053401873,428.15249991564747,40.40698534066825,67.5353520400243,24.490527757017677
28.292502306273043,25.906641430830703,122.16804129841157,22.882501900814873,36.954775784442965,11.989342168195964
45.21667773501388,38.52795783336682,341.0015621359106,7.103896941123122,68.88966251461032,24.63325599729494
33.167862479767635,52.943942960511094,280.5815035331865,7.235232836851766,56.83777141795581,22.564177895501096
31.771365717040585,46.09662841722439,419.78892554587014,6.580839931635056,63.28910725887848,24.895531435089325
15.89747230322525,28.05476207676236,80.0426767214737,49.34748002819278,28.237733205791884,9.02020056996254
26.943673966915473,5.517148623176844,82.29582354685341,24.080582288857887,31.28050731552838,11.32795310398388
28.306846657504998,44.69913775206511,287.2728129335876,52.77801115805982,52.69198454799862,16.2982942722928
28.958797331391516,27.85007908497945,474.261753612018,30.90396943057095,65.40656533326174,24.12930080367875
35.30603292295663,63.76866405684281,219.19892401796204,32.17988604979783,58.450407868748385,22.787674802645775
33.67608913544075,6.915701221638679,176.93220812225357,35.77295615057442,45.74090220550381,16.069014953100357
36.27667824777056,51.78622490446327,311.2108751349852,47.781887382506234,59.45340916253639,19.807617125347544
41.77091415397449,80.31793900048524,466.61532826161493,21.410171949782423,78.65481825421188,28.0693828158905
43.45450085506327,18.95274136891996,421.7253597654194,12.295240972011614,67.38756810327232,24.21183738319006
40.1343076679273,42.73195926004763,497.8321331519455,38.36344011148769,79.4292986548615,27.921970276975955
48.443329358422716,12.313759345371054,30.832919937141003,24.618657394564355,46.85566065179601,16.66755391463253
15.638140393672657,55.05455298090821,74.17190946212587,31.549478820082243,30.1273497433497,10.283850134468338
21.852229498924114,49.042534447698046,312.54452641597857,43.816802500238325,54.24631490294018,20.48014260836867
15.264700624234974,37.589241937026586,413.87669088024785,34.64754446847624,49.71867961073584,18.505879031505234
37.66161499541111,46.7101617178993,156.91728430724794,42.21672902605057,55.37145745634493,17.905355389004498
46.43106921324954,76.72597267752082,134.821322256425,37.65200012681767,64.41958520083124,21.03096891555304
23.521880380170472,20.703544184885363,397.7483837029764,49.387782316165946,57.57592973049135,19.770013780132132
47.44620906787073,6.805160936427779,47.063289849551154,47.3561970626972,48.67326183101476,18.140897327012933
17.10935866013463,73.93319077592808,197.30367083964086,37.05139350851715,47.543266368436754,16.862229349789086
47.705260938193,51.16936659103252,262.7884268443183,45.73418125158241,71.75464945980309,24.1494016957471
27.306794053387204,76.2526764369474,288.9673636881553,57.41357613635677,59.776319887966594,21.313989855877054
18.549728995722578,52.75561787305381,369.7352752605329,30.936277267290116,53.55067427828684,18.246520218116988
32.005511571521396,69.8128871967762,190.32594724671594,29.76578436492762,55.15638030742747,20.62546279793581
23.98717987021778,39.373869068411835,314.08848544381146,50.85473725114281,53.17076350410315,19.109354879036673
24.970551568667297,64.9887945030615,300.980202939659,39.95323022251964,58.679523447534194,20.064915925458752
25.75514877242003,78.04331735118848,282.85572831379864,9.260406813355313,54.197500273062985,19.316403253641734
43.10590642414322,50.7698370977765,327.43198070826185,58.52672094146488,68.69644281272366,26.016327073739582
33.870644683633905,19.462812044990365,144.53560211267663,6.846986134258408,41.71091453254153,13.744374971569968
25.895769470460127,26.50380920241585,60.63140172062191,49.90378137258459,35.25343839300353,12.942688910021975
36.36168241588214,20.89156615179246,77.25040257907685,50.527648562258776,45.92320417398755,15.967430950196649
40.065273597811775,24.748562207658633,127.7995436738725,62.186665116915826,55.48271024948947,20.059424113114463
24.541840025673682,29.513235948082908,260.09500905093694,8.248064504139245,43.83572706976335,14.360657062023577
29.474218553387303,49.41070294025508,423.4125202620897,40.811411647069455,69.79056283385084,24.592200141586858
19.266013266793166,52.03933035710662,356.6208042024244,30.670434237623176,52.206243297417984,19.933920077721492
21.34022723371381,39.11997977934889,398.73949001698264,24.83797729157252,55.649861171394576,18.07194093811894
38.8391248887744,54.23366238566683,188.46829948452387,10.419113617944383,55.497460182624394,17.430003408930915
21.350342169346945,11.525994048909274,214.23379599130408,38.75924718027855,39.14788193588813,11.764575330830398
33.38071842834711,12.023058964652797,208.96730527549414,33.74244354047682,49.513642649826735,15.573781132139072
39.81661916028514,18.746356828612676,112.09912851416072,11.273267489061457,42.93330865833856,15.919642962257491
18.740692308316035,46.44619984322758,49.38399590891457,41.749370425825006,30.535422473836412,8.578608337044546
34.85592768701163,22.119574295865085,303.63972455706886,49.277187215176305,56.87207980590788,19.45838491495246
23.979697429547734,27.662752279406185,494.8240080418813,51.03669806321889,65.74462644739502,23.93805321155432
48.70244063331529,37.025026893839524,100.07825837612616,59.322391295745646,60.64631530672935,21.851198948178162
31.924097635197366,69.94928992083038,42.4087135516514,29.568244513326633,45.58284279253174,15.375656507442383
43.20973924213054,6.1089708730288095,394.1752072754878,62.18436611732822,73.54216241655871,26.026142443428206
34.25792897546916,56.95030561892979,141.2412832086676,56.92576430496116,53.39843977809254,18.850171916938738
16.51943864991867,58.510122483254825,418.2290265694056,22.79009426143634,52.16746952924676,17.922252901914085
37.16029814579078,68.89246242853092,357.8896001765674,14.556982240967509,68.05964958987872,23.50462527847568
48.299116977233,79.62023512482506,473.9232977843862,31.123363767680804,90.42466086420086,35.00177245460574
36.05641370512159,6.611027915943186,216.28507316320255,29.113922477357995,50.64624200300053,18.940151056947133
43.67161007993766,17.302696441057293,337.7455229363044,39.543158319872255,68.9928568024892,27.868476257139434
45.94722621719427,75.89370352447945,243.13029479036993,40.00317393966488,70.45191720959458,23.912726323977353
22.982792018212635,41.68148497496123,322.6825747081009,49.99921906279852,53.435744234429855,18.57506058671823
22.42156939678793,50.16725111467708,235.80747488371392,35.593396892336614,45.5798347066478,13.954753499411758
36.38433460978471,58.04217629785179,110.54347828355591,11.289358456445932,47.05281017290525,15.254133357382475
29.385996443234667,59.32532835965099,263.79075968162283,56.497480133186365,58.78683658476653,23.42826252766204
44.39514560033521,79.53923226532066,273.72041668997235,23.585874991111226,70.39019645845845,23.853517325697823
46.50080931893039,84.75595339293358,409.0898471648773,63.27784761839552,87.33142736846838,33.44492152918062
27.369748275595136,62.612596874475216,373.049938780919,12.071606520786208,58.85844362411334,18.735411877419832
23.29046956410687,27.977696736412064,338.61997949189316,62.495070333950196,53.90690781079985,17.28721418267003
42.31839303353516,75.38019218354749,74.42580586523482,10.460708412951018,53.749174608165525,18.300364281322803
24.618211244184764,8.937673163260929,365.8958195185832,18.862168276823567,49.49555892874285,17.22782074254123
43.79150114797874,23.486468229959698,260.14647505016706,7.7947965251924956,57.531078898559855,21.52050855317114
29.830838877706697,76.79085739709718,449.1677773309564,47.306788798339696,72.08829830387558,25.90706003213585
38.36424647520147,25.495321155148396,461.5380483826605,56.017924194307504,72.16209311862428,24.63225970550246
18.343735984213385,22.65208476973988,46.47516348885702,31.044264908958827,28.37688631914449,9.73193650192341
36.83507636368006,16.05002345121978,413.9079489701498,60.71132450254578,70.63144481030764,24.24241130393062
30.81186875580302,73.72894061175332,38.09474740288189,40.41794430533598,40.90162477308664,12.943588067591728
35.531296211141594,45.00466073528693,196.24142033361088,42.800428126791395,56.55326697923431,18.461699037829572
20.88049727107022,58.99145624433238,280.303988298118,55.725152102046195,54.98009378941854,20.784858663446602
40.790581073046376,24.125310726002375,91.08838334102117,22.808012303110335,46.1344880176837,13.404823414298583
45.197897714012996,65.64323368089731,378.23063003315684,26.255943279657547,79.42801815712056,30.225844401159776
22.585893003177148,65.80044359696788,24.010258002626514,59.35711515167866,38.53252616532776,12.971892819461367
18.35000944320566,30.007841992664012,100.92754324833768,59.05780976232583,31.849294790995938,9.988490267260337
15.827350511621773,37.85461064082263,298.7824783296683,63.58896657205225,49.069321572315985,18.2839014863565
37.46900251551431,21.775222194416067,362.90602977790036,59.11029898650027,67.57903045609524,25.88048553585401
36.248291263107326,83.12488186583235,459.98868929307974,12.642322162001653,74.26602586646307,27.669557715668006
34.13440944499245,56.64820616467293,358.63839292861945,54.423457168219244,69.831343254913,25.193748213259383
23.118148364059138,79.76351045724124,342.45404972233564,29.590308686575643,55.32268516324035,20.993235041716876
28.68170985669301,29.270843490330655,209.28375024831888,64.44808135675628,53.1738593464228,16.03610440553218
35.80667173151606,67.55127303975118,20.61652425286468,33.33685785972806,43.22734989734059,14.346826651836981
32.386840060070924,66.26869151077936,77.67644419309853,38.230164950133236,44.7786867536898,14.30578527375416
49.572493207521056,60.33245214932332,276.5861814828988,36.786494915407914,73.0964591069473,27.420718784254312
19.775391339485658,82.25111802134404,344.06234520532144,24.304221791496666,56.58032247974943,19.227895839526468
39.330059391665785,36.48442688850524,220.375176270302,9.50132533357509,54.04815420322714,20.18496380630258
29.151156883650224,15.457385887180584,370.7259255336273,58.73907382411511,58.4963261063943,21.277499550970962
29.986986522396517,58.73670873952486,270.4939017594458,53.16054875157721,58.316854176991555,19.117438557701522
40.11592179803617,63.34478403817649,55.60457388526986,13.371606833580156,45.13092006902368,14.91538470919386
39.235265296352935,51.004845876705176,112.16780046461544,51.60609628100437,53.81362481656637,20.775495222020318
49.69395977957659,21.5454314506717,423.1991471570926,42.5507999630366,80.83965098028555,27.13065387007332
19.493800130894385,45.35647533354843,367.95811837973093,29.54862727505734,52.36828628390652,18.516201614660503
18.64383772844582,29.97517892553035,449.4857537659976,20.241268945733765,55.48578814411549,18.246213920950755
40.351858599505945,39.19732225333512,76.42747957804956,56.58372701013395,54.50520103639715,18.605892082365212
35.24354209522431,56.61748606757311,495.3068166152355,47.01129555764318,76.89879607668556,26.845335710884985
24.595623329593206,64.61717941526676,120.51522269596813,37.864394568148214,42.84119388259279,13.820118093461238
17.77967791461453,23.57797527210745,25.654340617588165,41.574112033907845,29.837787049850743,9.002555036471936
17.99803873587507,37.42602885175627,498.763010745706,10.463970924930859,59.309285881898646,21.18766006383069
46.296680613244135,26.532925679330333,154.9154650136543,33.435185654671514,53.29301193535046,17.385448064185894
21.715356365156,20.89052910894953,340.64933720602875,16.62201756714212,47.50018863317422,15.409079688062967
26.318004674043227,67.67097759966707,104.8075108046265,17.50302074052952,41.043127654549245,12.956514963539277
22.93297407794458,77.74021555495939,298.50969545558803,44.678237737212,58.93860189023853,20.511648592086505
27.424870704117808,34.61857485476614,453.9367934981884,59.67536911005729,65.94335353142043,24.49572618759691
17.42983449611327,65.10231394990134,173.68696036565052,29.225396628700793,38.363141832132975,15.68689259571494
33.16709268178946,76.75962314915289,341.72190850129243,17.464956380731422,63.111003550983675,20.999974113853618
17.36643972572752,72.68993684241852,110.19372262323992,43.924816234199255,37.641319545917476,16.399928031067933
43.012477773782656,19.625071083138074,319.90179138498814,57.27122278101906,69.55911986649531,22.838634662213163
23.179922866865155,81.50335052106891,181.49616887240487,49.89912806734945,48.24021721318724,18.50939880960734
33.90041701115787,35.134115234357,121.3799641222168,57.12543383219523,47.802596844458556,15.64836421453733
45.80276806465104,32.13925289390691,170.32738433774486,37.19328026064796,55.12132025996726,17.986077186183525
37.78070791665179,9.994506182222427,105.84371288374369,50.11257466215145,48.30597704679181,15.789957731200548
33.65352252929674,43.89389232839064,452.91973176218374,13.403873561536187,69.66818237513058,24.305192281822023
26.351681359038146,13.721089251274297,210.64970543222185,25.89647692179149,40.93033769656269,15.195576450347355
26.65506695703693,24.88318567419408,137.73406638769632,28.372949868891347,38.15529588696971,14.359155617296631
38.432043431936656,30.35540974138251,235.2357636876478,35.677744774762076,57.76871415156672,18.803072430026518
49.794877642740865,69.70610587933473,173.85736006711787,60.74458161540942,74.08859458917759,24.44651917494525
38.16437164472825,75.03909203167171,377.32124183039645,57.45779361333046,77.22532577426473,25.653905980947332
34.52241960795087,29.197305396917574,486.1855577050373,13.071529537351072,66.50279801277945,23.10894770089454
40.57276785837361,73.69584969956591,230.2561552148705,15.367379112947791,58.58821733598008,20.19064266130672
31.282196429930135,73.57847498958328,433.29603198667536,26.45843297533468,67.94277424545542,22.354707792804703
17.104981991027483,66.17207603078988,291.6142753086174,22.444631953440435,47.375611163017254,16.985869448150904
34.68038855572684,16.735609121214523,95.47311924523207,41.88625718937574,41.610866540581995,17.957656501706673
48.516884957688305,60.22582775205832,351.49891619904395,59.16656286587269,81.29460779857008,27.6960395367468
21.135602982518087,80.6019251664455,266.44855862039367,62.73749250035521,55.50682116055855,18.777119674390192
39.1501711787233,59.60323830137256,332.2911311610097,44.21617715211359,67.72130574288259,24.54194936549546
22.032679103066975,31.529347928626716,447.0499580343992,55.2895520840652,59.19348671183011,19.879495911535347
33.75396895655784,45.0463453944665,231.40859391490213,36.512132013847825,58.29945642632698,21.408256471791713
18.383675737635187,56.65800346808429,452.5652591443307,17.499616811602383,59.16313000759156,19.629281442488484
30.76298276903648,45.84563269828028,380.32112685519434,36.481304725608645,66.78236086429197,26.12200571386814
41.46571651133361,14.596235338477586,254.5303644214327,38.30495608625907,59.731172404600315,21.423072800498552
27.165003348364372,29.96512357216165,309.54662511582256,49.5474538528134,54.113259848652696,18.009606523413378
38.27191035705263,69.1916824442906,176.2789436091255,18.192979382440946,58.58148560453878,19.620482412384657
42.84074862764052,73.91344368764139,492.1267038746116,27.098622925203905,83.6135805702156,28.494053570513408
47.451223681780846,15.984002617245618,340.32855826419006,26.84164815287398,68.4577831217818,26.01934859199694
23.212472864940874,81.19094019189797,41.046489198382346,62.566375744469894,42.47427848425454,12.962870958087162
28.976057053325786,31.305809427888747,176.7785147590442,31.636697619603137,38.876932882780885,12.605014003284053
20.33456046656461,57.985099098457596,319.1909282043476,50.30563803788879,57.70476795661276,19.354177949426326
49.73692257554313,65.1460116765345,47.039973343635104,50.048682882466345,60.98605767823699,21.32158823724754
47.44503387735033,69.95569877103067,31.464411833188528,20.932651088194483,54.30191559448001,18.59900591909781
33.898499559819584,80.65997617807442,236.01163497334522,39.312181362303924,61.23108430706043,19.194037760385452
44.47116530317474,30.03356384230581,179.6912862524816,58.65817359911888,61.366951582920045,20.878699028628816
33.233529204521474,73.68051636412436,230.38333185591964,33.51186316741696,57.35858520037442,19.926178795353593
36.82549908009659,15.534952274896563,146.0927887424025,61.70705044055276,52.065588941973445,17.28080937707103
18.119355124060583,61.403272508287415,99.06451853263084,17.867493759449694,30.578793692470278,11.732741025936093
41.43446471738828,64.35821836111887,350.78881135056207,9.449546346441844,69.07859337990774,25.556620326098177
19.469971927233217,59.21785929610564,266.99413580854423,58.48723238868496,52.62671179661201,18.30176907922011
43.9123670588385,25.18517889081224,116.07402139969608,55.860871877733,54.61563826498741,19.461285773021686
42.3709830684635,74.84345176121627,173.40292460479918,64.55539255603068,67.22544346280705,20.28732121595856
39.80606442100418,18.508677069631602,304.06779567839646,45.76360928674556,60.460888479802406,20.529656809688095
16.265613318366675,9.290783321666467,54.670087170789365,61.20127560002897,25.044400084539348,10.272772567225639
25.6094924580865,62.39719924895297,90.77744444776619,54.61694150504665,44.47744942221524,14.931952423006415
24.2089399468795,43.0380572186187,55.157889971547256,55.66557998720521,38.993237860004704,12.541740736413704
27.604774261503167,72.92784159669408,409.91231970277704,39.148494227256094,63.55976874936277,25.662452451323364
18.06749613673435,35.671771284660714,381.1564319417644,27.94187587500265,51.52145066180343,20.761123516924908
47.7935238060872,18.462287080617024,381.5902073020434,61.07348435259691,75.3538570962951,27.07521235242652
34.383078424933174,71.91537539758957,363.8361648684935,30.92703053695367,67.7948356353295,25.436558389585397
25.693350873030823,48.91277053120574,341.3050033615372,37.32916203498014,54.43664809985164,15.713923708010954
28.894353097599918,20.13566339122839,248.956119381524,31.766858427511263,46.397648495599064,15.057849812516611
30.652088917669246,62.63071988691566,328.2935184834152,38.889098837611826,64.38466161030269,21.829694753846212
36.020801667621605,45.88909107916004,38.41354629822783,33.23030473953963,43.20186637617047,14.766683083359245
33.04877996937742,53.34503857922559,318.3029228752566,7.878053514768553,57.08186377663013,19.2437362903596
47.178719062504605,41.871867056526554,393.38129865770105,57.922891160461916,79.60216824646851,24.035719448989457
32.393721901704055,71.29671870544051,260.1720129845073,31.663629134946188,60.32332547613004,21.692200844708353
49.725530518815944,71.36501725464399,191.60639764507374,40.33661891044092,70.54098796079418,25.504826978698873
44.799873521078354,61.751105745950895,153.16483270446997,13.351268165479222,57.58137299091451,22.55632873420505
22.297868002506753,13.432110191716982,328.5449840777996,5.203270878958348,45.780502449282025,14.840711960086264
47.570832512537066,72.1083089523255,352.5445753423562,19.717405618618578,78.30873013188797,26.102810809490936
19.072823925991663,58.68103844263278,438.06444793402045,47.27516192800101,62.30526488197347,17.786865979744007
43.610739797191705,60.76193328034396,184.32035958127554,10.951671806772715,58.579055110139066,20.06231903366234
28.3218152716803,34.03862723230973,389.4907075450811,59.53324642318807,64.84698750961232,24.048113299957567
45.72910121557743,75.34236449256053,289.4507956108822,17.901354161371074,71.33206249147744,24.048570078728027
45.38198415376076,63.029728018788596,443.761515525478,17.27561685750655,81.41289802158033,31.70968153536859
43.20738900411674,14.007237322335557,273.349811981898,15.89047769728973,59.870674636323166,20.569843869028823
42.65106527074715,37.622242752493015,268.46231763102423,5.838902778281884,57.354172029133906,20.2944486366297
25.663769868431427,75.91042895681133,297.38099909163634,51.30832810869408,57.892084991582834,18.2175751261816
17.832174906793824,8.77573613579032,379.67137046836854,57.50207187471551,48.971178886169184,17.570743127922135
29.104306256780653,81.91332957136396,483.05142983766126,41.849762156971934,77.31485936089524,24.09122108403429
21.073358024527803,59.33300546556502,55.31041002356751,16.29199890079174,28.80517636196305,11.122358659206784
39.32328811158616,55.51007821147013,45.648609147688234,22.116679816452784,46.929585327608294,17.511997129016024
27.113490428822494,26.64474051903931,470.02416195552246,33.5556018418978,64.10793834597177,24.476715557594886
49.14635703009702,24.903343099134165,274.3403002487389,62.26075709739805,73.47609809478872,24.18668125502452
37.43402270708662,80.36465755908763,315.1534469921293,19.841082309064568,67.25777580017564,23.781064707507603
43.786819727202634,28.861796338729818,251.56332876546986,48.89875423519328,61.26727578429999,22.289271363584753
19.638363545964694,67.04042373751994,64.95557725158775,31.366893397575218,32.87591965479682,12.16999433667435
45.17050687954179,36.44974385656633,388.6829016409599,22.87084090160131,69.71494213913297,23.10228083599426
47.296501667968805,16.14032566277632,378.6678296425217,32.35495622132682,70.31124692914842,21.020963590867737
32.04716715866276,5.857223815628716,169.61759431654974,9.272403052473951,39.34837477408142,14.292371616255219
36.21885282128421,48.540586961220065,166.99483770963218,52.921242255821745,53.175103353559905,18.382536656281086
41.76834303160484,83.06230548391461,422.1638628346489,19.598115678978026,81.16654543888365,27.55828501416711
21.11935195411444,34.53089550473636,54.731483715836774,48.524727391578224,30.187860918288305,11.711669366974105
32.58981267622049,33.575386719443586,442.9304712111516,9.100902286891683,66.10562687952589,23.069590100602408
28.953205972030958,32.527329427955365,143.19761115003894,62.305913369941166,49.336667802333935,15.289041151665176
20.123089725678717,46.64350698438867,304.63267892263707,16.58089912434192,48.584590327069925,14.10742818083014
27.863704780203598,40.253190673943486,469.2772059208533,57.96452457242483,68.0714599922099,22.131566099573714
17.386030828492274,75.39317013816115,345.4988007375903,53.568392576926065,57.740245504492556,23.79860436872257
15.903416743232045,45.44166333787922,218.92630998417755,63.071595444884956,41.31931024775656,15.545923747613955
19.730820120418798,45.62062705508551,350.97642027459926,33.673439656744975,53.8284050234223,19.12286027116032
48.70902890562108,16.069727577644528,185.11022543185769,48.64383763075709,61.13654813983778,21.125300458164514
34.23353375632559,83.61916327283087,153.08403984760935,27.242639422267043,53.718749487896815,18.43047291084273
48.8037756403627,24.997831269506374,498.4079734086463,16.06209428118163,77.52834854532047,28.885715965900808
30.13742574155462,10.869125396768213,380.3793109662981,31.58455597600693,51.92392835828561,17.437481312544815
25.913564657984086,58.0516999180167,329.46558914327244,14.944940923307293,52.559107800519804,19.26106834620837
32.71496519940854,52.62930961254981,190.53902874527301,63.922677367183034,58.76150805725895,20.04388589460324
30.382909102151856,38.211652319419656,43.59719799442311,10.774789468442982,33.82346777064344,14.748448667477797
18.69826394916104,38.77537871045425,34.9073004968747,40.35270340715722,28.644443201756275,11.138987881982152
37.42892101415722,67.8051136837145,286.0070026154234,42.587831315243356,67.52947866571712,25.50365275502643
22.561336387835986,20.657011207971927,385.77570609874454,37.28477257244325,57.089654056386834,19.10476425770303
36.68557842142404,70.62026551559117,277.9420114130504,44.73115314271001,68.43761740795557,25.540370261635584
37.75703823393537,56.89976911160145,423.576834530775,11.970846500713456,68.15642529208374,23.38588271413727
20.320869859502686,38.517581902361954,36.04473588474639,38.301111452317464,26.143910892344945,9.315421048220005
17.147236948873385,41.64228932670949,196.04099668445124,22.232754267641692,41.582338996737164,17.006390154787194
42.32665551239539,25.531776574887665,133.79378776360545,61.4105637980634,60.367576948358376,19.5644893467908
31.093014831926205,65.16914661575798,234.69102471541856,50.72429920638354,58.70139123889733,20.850358530572166
17.03573284269165,46.029979384421424,54.740668733178794,63.350868929584564,30.874077634773197,11.462935059948709
49.82032110094185,30.668363419987486,477.98318795411484,7.253364184411373,80.87798250181486,29.087300446836412
17.022319634872833,52.68400926087602,127.16259251329325,22.10799051084252,33.36415555962677,11.00127770622917
39.326233010049364,84.65875616410584,462.7077322321207,16.72535519830094,78.71271529959074,30.67884650606888
49.428762384219475,39.820982372524306,224.42871441760727,5.6692752387098295,63.82498142136983,20.39634566946905
23.371303647557397,78.65531206228957,493.05158396250465,19.539543814779286,68.46906350062261,26.152500308166616
19.978727904051865,32.60134719396529,285.94802406090116,45.72655901122573,45.05028183760173,17.590197051548063
19.248472879785012,9.37861655399887,466.7997748043876,18.865335328074114,51.527119057081606,20.885824854384087
25.614630164865844,21.339368509474312,22.567514573226966,35.540206728957095,31.671813675613414,8.702794138402965
18.536603385372633,38.49561146621474,379.15462696683204,58.26908689789992,56.48910803184716,18.46794057931194
39.22564695929462,22.57079428756552,453.4643134892074,46.625475220944516,73.69345397795266,28.03062348102589
17.180212934552195,5.018163057460443,87.06587214989796,28.677744194361917,26.555172364899967,6.478751595769523
32.82977448524264,78.20012301980218,66.14040883143272,27.348136334726497,45.80710930297683,13.622799904481269
49.88438988485419,72.51035289847432,223.7948514492587,32.344148840509085,71.42763668604205,24.267211160047477
43.48895943271066,64.38337851895577,468.1658749438089,15.622486463594383,72.70091115023679,25.733309585516277
36.532680338085385,18.42516765168229,280.3455488914106,43.04004604495928,56.86338545935652,22.290522521247944
25.71887672753141,14.629086096798884,273.17910258643144,26.84916914627633,47.25540288707165,16.26149213807954
36.83635427020735,10.408379957790652,87.7405367836745,56.14192095572262,44.41166347270349,14.631723493349412
33.446451236907805,62.922335101833696,20.378965324745018,50.39315960346898,43.8886068445948,15.828097302152818
29.912918436163004,79.30463685503082,408.8672435578214,41.630789845529605,68.3110871149014,24.61327521515709
19.57486318590698,39.44286567304296,62.03579023339435,26.852133358970963,31.761576552759497,11.77841152672123
46.03114753341633,14.531253759683853,324.2479129929555,17.595909900409062,65.31258796161781,22.592426474639215
30.742462708746288,45.991425658568524,459.0158981672919,51.56911184633737,72.64164206118711,22.491945550538265
21.81178791372678,32.90655259669041,120.15291831604688,34.184545939465195,32.22719614147323,9.903094665856132
27.871577280705136,34.985993947999816,339.3309613937172,18.48500229064145,53.618142740741796,20.896756587160823
29.494541338512448,54.70644993245658,57.77531681960454,16.710476902400373,37.672861708607954,13.466105004977683
43.9638263448406,62.49744906097619,309.8024690420542,14.924054270081541,67.8027156076344,23.247167284011454
40.67650331964907,13.848287909852868,98.68722605753732,51.6296717723357,47.670163974836846,18.36181021375386
41.925671277446895,7.847218464518111,373.25770904728546,18.7392311180187,62.830483898245014,20.29549441583233
15.386094255002652,84.54642421485718,164.59102150107594,36.59853581151185,43.43986236550673,14.865929627357842
29.565389936291652,23.618267913244146,242.42768422623018,32.09278165838339,44.923970419215166,15.930027254486363
31.84704530723633,9.306441992676726,307.72666017325844,39.776653953697036,57.651437429122005,19.515936845250756
15.671729688806984,20.1900263276736,102.211237119795,57.62929402227166,31.921112837531155,11.3235337274883
24.093462306076198,8.116627707877138,375.98615293645804,57.06484340490384,54.878751401689,18.926022093458503
41.610143809274724,36.34487156937374,165.26736350567097,32.06456430949158,56.70288156518174,17.746993976134796
19.798839700514968,69.19214275610594,337.9384927581217,5.921975044083398,47.81591461142858,17.007786936818587
33.73585460084071,32.29955598061765,95.97586433569936,30.58662834285819,41.59204410565617,12.564687749710357
22.53206552060331,40.53467255026932,350.29647641904813,41.371612245448425,54.29468610435365,19.251562824168857
15.424227112536265,59.0469418853951,81.53027494902163,38.46588554588371,35.12978946668896,14.356630049566299
23.44205101598395,45.71152560559042,224.17111820959212,44.080166348012334,47.50652138718868,16.205747689601957
49.155581421851885,73.91565488170593,138.65891539466088,14.244543948385008,63.05298163950325,20.311318878869656
43.053798915904636,74.28285400366052,379.22011972552764,43.79210592684395,77.20773275459374,26.832224744300333
48.585182551236166,5.792855639292291,145.7768021632998,15.959097124626334,53.19500569405251,17.37029533080058
32.07489153742269,67.24370451865593,443.2243070697902,50.03143884180494,77.27399799454291,27.93766280203722
18.840766953712624,41.85868801933391,448.0737014751742,25.3452567957608,58.328380223303576,20.192949956871967
34.178582114079255,84.10724330429305,114.29183130693721,47.593726002887216,54.595572117535376,21.67309511863424
30.90320670959863,43.65856607003481,314.6460536037076,7.871935934366425,55.77211800131265,21.264725693975432
44.55249789588656,83.95167563106381,62.104468025582875,29.471601535454802,57.9473251231533,20.05194303638155
18.43289032744856,65.36554889645893,207.937807808782,47.302071335799965,46.87740524869412,17.480505439002577
32.08843979576224,24.888390769064507,362.3944301606107,18.61223097988965,59.65441742491728,20.289191484976776
20.25170326428945,48.07159834295661,336.5231584879598,52.717222687833356,56.708710677254786,19.898984064786926
26.3636574411521,84.37085115828663,319.85632131517184,42.84678398629592,62.00314806587634,21.15895052853125
40.80749770857299,73.6024486201539,155.6196145579729,40.2537063289879,61.614026077464814,22.714593066887247
31.66063452790683,12.789351503297688,201.45197572851296,26.212931252260226,44.32706327110504,17.66395455995113
28.156089980101925,61.50975974479969,69.41414945613737,33.94708822286705,39.6137656469381,15.06279028721505
28.806669749951237,32.646366869665044,365.1309538081285,40.840958058671184,58.79689266538194,21.96181733481171
31.080636894209533,5.558580950427849,261.8666224598113,33.34772683489343,48.64036490305278,18.408677871922066
42.47557903429699,37.27847752215997,360.2075035259142,46.898799436433606,68.16342661513869,24.684083198800607
46.2229641129082,23.780353737997704,139.4928919024989,31.02181598641757,56.462279901094234,18.05286872656758
48.43671402763749,70.50954164163772,175.73034974483178,17.13639090452182,58.5403319487922,23.04057346120202
42.54161851893533,31.98644870766124,180.42336188485504,17.836026968062836,59.43853518479036,23.510103554724264
26.039241351180443,71.20189551630537,32.35635667866377,5.348226130576466,37.54441294785733,12.789725126780013
39.08471471302897,5.047835106783625,183.7029789586993,23.05746293352035,47.65606139142224,16.123574614173513
30.316109341938716,29.625532002089532,405.5861952886561,49.93505842871117,64.24018344072803,23.402681683627872
23.91347177161179,24.293217144620954,450.70327795987447,52.649762530256574,62.45132784052786,22.684183996960005
44.430505279907294,23.685388885488877,268.7447915052452,17.148052525745,59.18074897553059,20.410343038306177
16.344922213681375,10.454929581237016,238.64081370522572,62.54263981228446,40.66893529299667,12.359088869167428
46.56166972473982,19.96994163284014,34.79581697569772,35.14416760880761,47.4131296303002,17.053147156729732
31.151711261865696,49.44396559084959,442.01808204098364,60.01872494111016,71.66478771954264,25.909830509103244
37.302051688289815,28.30888582701956,26.244902444418905,47.405916911697865,43.060313367283655,16.159841400607476
38.07738727720239,38.391582586331836,473.4800385009016,48.34600538134479,73.64376650540179,26.299257435421936
46.32912092472877,35.14935042777508,254.82379937028352,10.102617278364267,61.69573574790275,21.1868347892231
37.283438875852255,75.07239399999156,184.12855691586878,18.19946761381584,56.90342862285714,21.407203077259414
36.48767546660216,77.42391992084124,463.62484872447686,5.528889997668358,74.30500844307144,26.105525701423883
17.33282141962415,44.436557732468806,31.707676692846434,47.96765842860425,29.172139285854332,9.512864228501934
33.14428076808214,31.412476025248353,299.0839495371618,25.6662973057106,58.10550193860883,20.065945605444508
20.25591502859646,13.54405632018909,283.48761175968207,52.19915096458081,44.83018975068885,13.071612864028623
40.810181905251994,81.2722303505676,125.2737925814634,25.336173196221576,57.68225068488149,19.91542500344071
32.92776722844361,9.818155592023796,225.86596704810108,54.16002513793166,53.95729633105257,19.9177084956804
38.80797227229237,28.812022205462434,333.0867228530097,12.841895224898781,60.36005592902313,21.63569410836694
16.45855152108345,28.845296093600332,369.0229745033252,15.402389405450492,45.95451172471046,18.36507536312044
17.967720561603112,30.632102891217194,20.344092179158295,25.45259237503619,23.83639368788153,7.948275419734977
40.07131858219388,18.142947461792744,469.68964644368737,29.5092433329364,74.34711801362883,26.75246104935006
17.522951759953568,67.65291447389578,98.97217874854995,25.922168650578705,34.2820689183558,13.187834385883185
17.49398547178405,14.799828957279137,132.1186084267324,50.81882195139319,35.29000617280867,15.865787672914145
15.42379663322106,55.79253273225302,146.46725393304715,10.817083557602881,32.2987468535201,11.521709635408495
48.4775489404818,14.907682136465397,38.153665544976946,26.073021178309283,45.694745925294654,14.426880305557093
40.81279258106524,10.642851007436525,79.06501932335595,55.23439997092756,49.03058797702619,18.432598921992085
27.363799297572246,77.75436029487012,493.44796301319775,9.00782463573032,68.77304731651945,26.869157594734492
25.378745345067934,20.210301305496454,171.30403394109732,61.54061046028145,45.35834142599416,15.391596433758023
27.239613041104732,70.70001236477634,75.34452336274369,64.17901053632077,41.38043022976208,15.74477288832635
42.11287359134137,48.57046968857087,71.3558053638192,10.314090429504805,47.45462771554522,18.452211783284206
38.14797138746451,11.228521568701568,365.3407844815865,22.47635133534422,60.06820699509353,22.549470764237963
21.48184487536138,81.4358553150454,430.1929587356676,27.344039962121368,61.29413535914028,21.641285159409463
21.093826736692954,24.756893359351402,143.33710376406555,51.58348211916356,36.88477952722828,11.861962197210179
18.443847739968906,73.77162762820852,30.036565920912786,40.75560872700403,32.59820548022842,11.287452596059568
38.110595189546835,18.504800462765132,127.08320885377078,43.66194202955404,48.301469541051326,17.59341502018441
41.75304317776076,73.31543057134823,47.127531582443524,50.45058936911036,52.171250468842025,19.6222714502323
24.27662499137514,6.058305032423519,69.62956958241992,12.078739966221544,27.562197460141252,10.147686683047995
15.733073636081949,45.942436525558456,227.12389752686835,54.99256741461574,45.965007844222505,15.51789079566701
17.876008361674955,66.55540635372455,130.36081801358364,47.337188250808644,40.73368736164639,15.089860060800888
48.87510121957607,79.78364139942266,267.65402169220323,39.640503511782214,77.08431499559825,28.269637850073615
25.34056721170971,77.73617089651896,141.67700156345137,58.3841200869834,52.37998300636957,18.90240913685107
41.92281017433467,70.56998956381159,471.45790452941486,47.01838123302843,86.31569052018523,28.95621101025734
36.86322490989923,76.05530797290433,454.853104604607,17.101997757861525,78.9220133686575,27.35059562695434
28.367887387851354,20.93757486696612,292.0669304050237,30.784722864540004,49.67904482420294,18.809396853089726
22.199054176844427,27.7347436569383,190.12351615394536,34.642572016144,38.740071909919365,11.484498455355066
19.248524635579223,28.11748199368468,202.95050337667308,8.313057605024339,36.5774881983933,9.662353835850915
36.525453881360335,35.16431448013591,217.68909590935854,62.27825080160335,60.04667240173617,23.27845961582369
42.11218232232258,36.4656536308151,369.23807462477316,12.71463564781271,68.37398624656193,24.698018068829494
37.53664887393957,48.56442597237404,236.7867178490422,46.84767603360361,64.36014330059886,23.43614515898976
33.560574663720544,17.79038106931531,431.23037432283076,35.373862165452806,64.77929179234785,21.057526666881163
16.46829282010727,60.299733102879145,473.165497246575,6.537934993065355,57.12748286136535,21.100911096677677
48.89710721580343,18.40532314436052,181.25415362188824,60.4848485518617,61.24619114512801,21.84903993214735
42.95499670791011,29.8246785683638,289.13335106032645,56.11020852913599,71.36342004934828,22.6007056504993
25.248771284533767,45.26761044849232,65.62713767963092,36.45547567423013,36.117893486375394,14.777687841642173
49.298961527559776,68.71524492187818,116.22514292785232,18.736540168366716,59.9424327044385,21.21787643198157
36.06585563727127,64.15753865909818,218.46356802087686,12.297373440805654,54.83203292252743,18.597085573765696
35.38479303725363,56.64274851284178,118.97730363285385,26.803548765927594,47.67194463887278,16.118196004627645
41.182561280033624,17.461860846413614,440.7490355785844,20.32569686276543,67.8625575241896,20.729062275317794
43.41194258315481,48.76362764924622,95.97740290836708,35.40147206037793,52.772461003199986,19.36036625056704
37.9767512566026,11.995720143990836,238.71719434548413,62.98455776740574,55.15716474173496,19.697793470475823
19.483351122817,35.189054143732065,310.7356354207403,39.497209593778486,46.68835617213568,16.049804461747843
26.839362709807446,38.08132242319673,352.09467591720534,58.39586335340587,64.07050826176878,24.34240570279658
47.482927411411744,8.184915155660306,203.87329746872322,44.05273024974663,61.24976749110705,19.3616300933937
22.861546414534818,26.919047957597748,437.16755298786967,33.514791595232026,59.56845875862126,19.953801850966016
28.025845834312967,81.45195738131915,292.79319251740424,56.27645376400228,65.52790472055783,21.659754270054663
30.12269090304686,81.29060862637516,230.96373461482486,33.28208661037985,60.88205836963912,20.89052795971636
30.379174639305827,33.18616434020314,52.27550434497758,57.11769023062166,37.557374596681825,13.246286146724474
36.45288538730839,8.448008715865925,243.0509448536792,22.49460617454592,48.19682469420334,17.5139089286882
48.00765432106476,19.327595146254524,413.9532035915505,12.728784425779287,70.4929374335205,24.152067922074497
23.424244914137674,36.37742347468321,314.97968874623143,56.3188678617763,53.35068062345195,17.35670461547584
19.252548170532133,80.82237583753839,419.4379777899768,40.24490982756001,62.03418740869291,24.240976017698184
21.911467145097806,16.295925082974794,257.1256018876667,58.345543894937606,45.41347720432586,19.5121773091969
46.04237150732443,66.08126749345698,76.86161844535128,61.269632419542994,61.31782307868008,21.676168085361066
37.60337844293221,13.694603149975366,26.547126001222914,8.21770342228695,35.23974046017339,11.198738610529384
25.006737623370604,83.50060619130215,165.5453824249238,35.0581581115321,47.681296508427415,18.901634974513033
43.55814286390161,35.5293199287308,355.0354263189404,27.497872944471755,64.60556213227756,20.441811086804446
45.14794987272026,67.01876311192449,399.324753892013,42.55150382420703,78.2169559872494,26.87377460848005
44.628001854159734,32.407286624890546,161.96136061775812,52.61547183213941,58.318808389699214,19.36740735937527
47.162428677384405,55.213510172704694,257.91388202395865,21.835412958462136,66.69112704422665,21.602591139803593
23.828435706067655,20.36128677920294,222.1370741283592,38.4079030623903,40.89404514672582,13.892879451971384
41.426467506119735,16.681681543757,217.05093648868538,47.52371479429397,56.64448097114505,18.52931022113982
31.1188824045949,80.0451311654505,131.04738233607225,13.065864970144041,45.67976972363938,16.006901099496766
44.46994935115215,78.41178223235468,85.45813041414002,53.84401435707601,60.76015929267892,21.306821503946317
40.49717370065646,75.99751521703058,114.41050795098229,41.36657599117839,55.569429998805916,18.5173029142991
42.17566062749036,55.03467601332748,46.55954583840612,61.97224622681911,52.41026683234164,17.787823356428767
37.965664318837504,69.66145689730226,115.10275607531698,25.371735147841598,49.886108245508055,17.11386443407225
21.21000693143974,10.522954952909993,24.41643086018214,11.488756540231918,21.589848491480314,8.771216063697251
34.075942161392845,31.783123351254332,321.08403230526955,35.39007206221552,57.82693353358301,20.016782635157774
49.463440883357784,30.096249980572498,171.8601955460878,10.14864630256633,59.37877904000145,22.01962527517965
47.808582327399165,55.85162575620906,487.10946148491615,63.17159139944041,90.55848561974352,32.574189442242215
16.51108075289541,33.47662187765124,112.98418437262298,7.321097495431492,27.04541812445627,10.323192388910806
20.7685185505303,16.880542531494463,185.99771374860507,50.21023406643848,37.74465576878298,15.292398474593002
19.610507070909666,52.71736603308349,191.76375614793594,36.50614388853464,42.99567751532618,13.369400810745297
40.409296849485344,70.15071365352652,24.05671810998106,27.117239149897323,49.7893078811414,16.716483098938816
43.62248654499308,35.56987955679786,422.8198174589403,8.95052987051928,71.39488234040313,27.633157019590445
22.472897820873516,15.581497207878536,35.357340869275866,42.33001545041647,32.04510547400898,10.82981216501924
32.704844253314015,20.735055785025843,471.2863206700359,40.113219763457316,68.91391081966543,19.897183252024128
44.424605980392,23.99866441355072,448.1956885249379,21.852996384055984,75.46225370452164,26.107336281860746
40.64805406681877,28.991807439562898,277.0505197212625,59.613302084618724,65.04406759303818,22.967832952808234
33.97830219221469,56.42360564050473,280.9258759574202,23.246600440570212,59.9832657434623,17.06847333406499
35.662169166057055,53.07563876301752,333.81340301895506,31.98352463552637,62.83353184121911,23.99263960425861
32.792619142069796,60.68638892536313,205.78400572874574,37.625747355119344,54.20024409206396,17.899516736423983
25.414195796158722,34.00015876252105,330.6666960309706,11.013912690577165,50.85019237909172,18.290412005463377
34.775769750065564,70.91981215039826,41.4888265704737,60.92970315281794,50.75124775320553,17.423964395605843
39.110985571753176,21.32701289246082,45.94286112786875,27.472169147062466,42.643659908546475,12.992753839185202
45.56630205512827,42.52325980145231,239.4706014173813,9.846752832460616,63.20193747416041,20.514915914003012
37.27019738927368,69.07509772331443,283.81870453089675,28.2374704205198,61.22871388923661,20.027425606591493
41.63925379651053,19.412691818609538,446.15246736119315,41.01215282555484,71.36395340514204,26.60589155557517
20.602507223410054,13.789049099262636,70.2371042757902,35.81916030927977,29.043128626396943,9.943787737088702
31.154511604692647,75.69471741503918,414.8710050530669,46.67251844223644,70.53756262072295,23.905348642425412
15.326606693948266,32.43437302073567,120.8227219001934,8.329036524074638,33.52943068444331,10.333387370669811
23.633760258256807,59.70960999272256,209.1601512848153,22.07243661632337,46.68930476469451,18.13548199993227
40.42616002895517,7.027888341115078,171.9691687171582,54.153834610406136,53.01255347387303,20.750695624640937
49.71334829722772,60.20375107275597,212.0745309753915,9.793621267481651,64.01460867330263,24.18222888371594
18.471233485552556,30.288104923757643,92.23783907484106,56.32915728175745,32.86354916468097,12.240898216369587
29.052301055145087,9.45926828699534,261.71363571370637,10.513765524626375,44.542933413273225,16.024771757451695
43.00248390447058,53.78502092384936,404.7884431190563,55.067252893501774,78.89564555908771,25.789569218716846
22.14124721201146,24.264305285853858,231.93632498187054,26.6473040647236,40.48154574536311,13.799812320810501
34.42797322558002,35.9445793641504,255.49451643113557,41.732543795432946,56.23416911300239,18.65616888453118
40.65749536103861,11.446464982921087,427.40844093503085,14.17322693887989,68.87487275774467,21.36793730173357
36.55949075910627,16.773060087595624,358.9078950262548,8.970123303510851,60.93756038378011,22.913711263071086
21.580865711539566,28.8381788396675,255.41811608949666,17.956292241208104,42.53894008720317,13.844884110932696
27.43845990400088,12.18076004481257,143.69391113080624,12.671229074521733,32.96411183668008,13.33135200399099
42.4327124569889,77.86610117490522,444.764838485584,23.744353860777906,81.22868070063558,29.75265784636247
34.39792799462058,5.483763454718273,296.969792811468,35.86299479066121,57.360642264023475,20.911301757358345
15.183036474001947,43.708817509144914,126.15085285313283,40.32556781390057,36.033669111203146,13.531110296565878
41.63467660098328,14.859796650604116,149.17748126624497,52.392086442784574,54.93256995017438,18.30342865945047
16.235897422908366,29.61432715823588,405.50388268939804,44.37439359490152,55.000183795877504,22.036839555493124
41.100682395593125,79.08476478546123,41.18986980197862,41.525499507773176,53.665534280786396,18.84762514470481
22.086819605783308,17.935564261918948,496.2042497738336,29.70692164914648,60.594139697628314,21.660846421847964
48.53257180417831,82.26658557746661,82.56880626310006,33.42850609760832,60.35981145681618,20.1523195095357
27.877926295572955,21.463550159153737,402.11289219053,29.871249763410866,58.52162832075292,19.085822021098082
26.44260657183277,64.32528867734636,209.49215205040778,55.52996180368299,56.0592493767782,20.336681295086503
20.211081761635562,48.73418119178494,256.2637679779841,18.80002715290399,42.92432768826187,15.349784934799832
25.69614754215752,75.75829820774074,442.71227718299735,5.3432558925178775,61.95095757912806,20.49880660384095
45.68277666398702,49.319460440250474,218.19737100282236,44.07919383357436,65.70996193598278,20.840846599430865
49.87170181695365,47.7647375325047,277.9970017631525,17.147731018329885,68.51821365917273,22.076490149719135
27.89083356773969,20.63664002947199,43.66383795640157,58.40690817858856,38.106770983214155,15.131570419761614
30.70137208340899,18.2983489641327,21.126787456377514,56.542779782399364,35.955746050313635,11.664630395634664
40.272482837095794,78.31913208924114,137.5039390408284,9.603642315692353,58.39995994936798,19.931623163765043
46.01685231627761,31.227055908002725,346.6798846010083,11.38330432484464,64.81196629749164,24.859698592260667
35.75655169653744,34.766580397031674,78.20714881238561,34.71029553479998,46.76081205391973,14.683058376642283
28.703399436224025,65.78589267427107,74.60574022618373,41.55335976616128,42.45950106164529,13.770333133000266
29.44176442970183,32.105878593824585,217.26109185723357,21.494500248934443,43.056247186378386,13.916536272391394
39.34663512738824,81.16499573112021,330.9617785319487,48.007863001962235,74.15339841465024,28.380792166876642
15.112639226149755,64.03422151990402,361.79455627900666,40.69496125513229,52.32521346999843,21.30389996537307
36.68562681109442,52.7943394058736,105.6563235672199,24.48944658491328,45.94286864292924,17.207348863128487
27.442255365447508,75.4716128435802,58.20231073858038,6.522289282538935,34.917709798956416,13.396275515866105
42.796906594697944,8.96847266795862,471.3905762938612,50.00901687791106,75.70756021025252,25.627113569309284
18.254672393809624,25.5650153751367,145.11986362980883,17.885219949504965,33.103585880010314,14.507247788360033
35.587079343193665,42.2029067376728,429.6063188521874,55.068424607757706,73.9093665921401,26.269822688787027
31.834051146014332,23.158283157721684,434.47589622215276,30.21741560325531,63.78448308130683,23.604234475132
37.481393406682955,64.51241498417215,390.8108440460213,39.624646557905926,73.63709499661572,25.614695840659067
17.26987580690389,78.53664248429801,101.04013119323363,57.376923824540114,40.81148134044419,13.881969588164049
35.299432559984595,38.90160959447387,414.4647004420162,56.817380055197205,68.34463661135304,26.41518620336774
34.65196057858333,32.37060800895159,389.24026843596164,27.291174514614397,60.880929700653304,22.117910914836116
34.62310330456599,81.9240585710053,306.4270352509842,17.533333562890586,63.53540877645893,24.414456263366198
36.12206833087592,40.58819462620327,181.85697688109732,51.50876466371568,54.75296061953527,19.54652847445491
38.67637780292267,44.123872035942654,146.00413004794117,30.98481221612787,53.90833925326007,17.595368934006387
43.174614988826946,33.13198978735243,78.5068217985723,16.522519613540247,48.87993637740544,16.232963332774172
24.4437252044875,77.76387784097108,264.6833921124183,59.26552053902901,59.42416825326984,20.95290675234136
43.87672935630217,50.51643866254806,300.92522024472635,16.88625165446524,65.59537094032405,22.018629505048423
32.438948879220874,65.97396697453158,192.48271544757787,6.548430091473865,47.49522990373431,14.962138353365475
17.69703976970159,69.9445374680709,248.17235248681692,6.216798426045198,43.73363344504474,17.108897253446194
17.049282523539272,32.34792335338065,194.48693953724802,42.33892138725586,39.20445625700677,12.9042545837171
26.698341154362126,39.6955465056304,327.6829075139366,44.70050364305182,51.85953173507614,18.358125228963626
42.471394198901365,72.87774195250117,452.6044197423504,23.662502303419036,78.30276713271246,27.850168881277767
39.76883271593205,34.06042813406482,98.68172578253353,24.200659354823802,45.90697949353403,15.185213134756058
42.601523763534225,68.5148106761481,203.07622875349924,25.369634903596566,62.43471058489807,24.028347904177433
33.10441697545633,80.27938580595497,87.61692989641344,45.80951280553272,49.59612179355197,15.682929985936271
30.40696492844217,54.85682984544056,319.97300979575937,8.488027461609715,56.08851331928222,20.02341755711993
20.16083843471994,64.33018299615111,369.85784455452597,60.74698116147954,59.9253176012351,21.34303771999716
26.486746376325904,69.4077849632908,467.31811164677885,18.351262650646788,66.61614266784579,23.234268029449805
30.190677816085632,72.60317191173141,153.85852460526314,64.98039231452553,53.66323936238451,16.836764856926603
18.101015038786603,36.604267028543674,476.10137881540646,15.291361627231218,54.20505872671754,20.277996882146336
22.721418344892392,9.101076734079854,50.3660824739239,51.29278743874265,28.234928902316703,10.997491121312741
35.93788529223086,37.15010169893916,309.44665441500234,18.404752695777503,59.37347456393446,19.767363304490235
40.748208998371645,58.90049838272718,47.42370528479839,9.850808098595238,47.30276488302434,17.61719851986656
49.94216289875324,41.028030862463424,449.0116101257335,57.495999461038934,84.21122596564263,30.03629061742608
47.658966597024516,64.91705206883188,274.308347393626,56.52507555145351,78.18260639059709,25.442994018667317
37.4897819837317,33.55859435749311,341.2872083661421,29.214223546976083,62.459976938066056,20.580098556466083
29.743681865292523,55.77953128832236,419.1554844370172,47.14376855242561,71.29795442258464,26.66170621523899
37.26620776478815,19.913584388317965,92.14909879230501,38.42395596103503,43.455323003738506,15.673487329021551
42.49780663280812,64.94955493159655,38.523949730304246,56.17736682042493,50.40953759111198,16.79688373817325
19.141766682318554,48.655677505042064,441.86295003816906,23.903358159119264,57.761332575410435,18.928752564634685
29.346671139370088,21.325151083728045,171.1679491802876,36.42034399993911,44.357862512618965,14.752161182243505
44.3930799972466,28.35289387982458,81.90987580503932,34.12234227227303,50.444497301349315,16.988854760655702
28.434153317656538,64.88869668654658,244.86139380180154,26.234349575411525,52.08422399140414,16.960533848047568
35.01552949295153,43.60809885292166,307.186916334089,58.48730387338234,64.34290723948297,19.90737136524408
35.57192763017694,22.282515231445778,34.86588964280486,14.952675479752129,35.35410924522315,14.08395816542928
21.45666885967738,82.38169522962382,151.9499159634021,13.97051837124177,41.55017269570895,15.998510952415296
27.678240457830093,62.21000158535104,35.743939652910086,39.61457211936508,41.318657479781315,12.55164694021317
26.707895105967623,81.57078660318369,221.7609868138395,44.449653799096524,55.843588154008685,19.74972279724854
15.916884798622268,39.168403628827456,449.6480139517973,16.67715525947391,53.68648288586511,17.436911705980638
15.846711736197433,43.00802725533764,491.6731575169132,28.443046535277446,57.14524985237342,19.608486613490893
44.10939652865207,76.83641729480154,325.7828256817412,61.793830578724624,77.76143300592915,26.699351682264716
24.557478349048434,47.003947219630774,97.58609301660407,19.79704536144044,34.048785548916996,11.275323618544139
33.132756818358544,61.58231295245337,454.80770719966677,45.10164212704365,73.28311040882993,28.653509269204903
25.455395075607058,25.173830199642396,267.798955136029,49.40896362185545,43.30251171332654,14.495390572650003
47.92377357903692,40.738117496211245,93.79966980940068,31.887721967909574,54.39065829426651,17.82433466539289
24.075386560302082,14.875989264828409,462.42880133679745,61.25155920557498,62.44819812081363,20.712997198039197
30.03798844586273,21.478402870156934,383.58514434708945,49.19940411312743,62.25894490192564,23.356296150276606
45.545558766961065,5.075473221410487,371.2185309071127,32.475474791653866,67.28506294689323,21.071618533873227
44.467674837713304,8.141204131892819,360.40673782131427,39.16011210656564,68.31344095144594,22.7657699583528
21.513549624619706,83.18270585415435,116.16311412629231,46.55680660550604,40.111058616094034,16.209104775800213
43.09251584284986,24.388295610940986,121.2832120196125,40.53141082575309,52.298609699416176,18.67049267679213
31.036541035826243,58.064856760320154,350.3806392450824,57.72185502956455,62.95257979397577,22.32128593544569
31.90391052298743,72.12797590396892,125.4669200529905,26.41331973682407,46.48173356735082,19.46682643878834
19.67179903455803,49.05283673892514,230.56241446546346,22.993144403348296,42.14513757010396,15.120320078959134
17.821052981499363,17.251560006716495,395.3608762850919,17.83033336971586,49.619556183298485,16.304565422115093
40.477875744081786,63.24931498689331,396.29720868696364,7.266978083875708,71.39105570459496,24.563753911293713
32.37614033243549,53.02011280796664,237.56565081241263,7.58083786280332,51.60296357582985,16.35788878799459
30.289774591531284,63.500047147790006,400.25117037211766,57.20331158655697,69.90724954772999,26.35144290172904
40.53278800283388,66.57972982856697,422.53846217506725,45.70358878435444,77.09270855444855,27.844290570362062
41.79295146468884,83.03282941477961,334.2923606164449,44.63194492618916,74.57777613268652,27.788842871396614
20.561785868427375,50.885062402136796,129.64440910804169,41.87856913609316,39.99470151729452,15.817621423877137
36.357880231717445,32.331289015248146,151.5256545850628,55.95314868164629,49.76537927624749,16.79656657529532
19.737392879718993,56.87716455201897,171.12375459619298,33.81601553993765,42.31711927172583,13.393862467090704
41.2981280110166,10.47525673941009,76.06597171229696,57.22464971349802,47.33234476441903,16.48875100058459
37.99343046934988,76.7917854657269,151.11661777757365,26.56670157093435,57.93803267107028,18.96916982869179
48.48151173792103,14.550480907055743,120.56922767001541,60.602450260345435,59.98730727209551,21.242992858346962
17.41353057247474,31.22742703086546,238.55779990812903,46.919418804874404,38.67059059614922,15.232852029904258
16.9969152402939,70.25963045008967,456.0500229786872,20.430628161465634,57.81547800772591,19.983207833630317
24.876547614262005,52.784990266456944,70.15055204189989,38.84509530131751,36.56776922718953,13.023711864377944
24.15969893075671,36.49084162219537,365.7286034947499,36.981833689295335,52.06005080089165,18.080249355977028
23.644257967519994,42.874852750001715,349.8958421183013,13.273929303820038,49.67055229720995,18.58878466268003
46.71891031823628,73.36379145617443,65.96201535841168,40.47457434503685,63.661631787925664,21.279897534341547
23.734116994732716,32.20035088479137,462.834754354784,23.887137423017478,60.84724702905285,18.00186706770385
24.518240414502085,74.5719747849737,292.8666570352734,8.140926008576146,56.29861990882496,20.41082025715181
41.57893918462873,12.05075447813532,194.58825014512843,61.91936946239389,59.195763118532355,22.200268723448314
30.740894485768898,67.14387497669046,383.1385200777472,43.48942214385727,66.21308151052365,23.84413989582108
42.18486949343134,72.80381064437891,143.53542003278434,57.61513591225082,62.18313790209884,20.803752522532573
17.287815514753483,19.5454122269871,352.8847217822338,45.56336030079519,49.14991860263,15.499953363641396
32.064991778568455,39.42772258977604,39.061379634678666,26.419021528406777,38.94960672532429,14.37410865153398
16.17647600641489,18.239981973092448,422.9158580524505,35.76128433972869,49.23535903902617,17.44459409306117
17.19286212093741,61.52833031953742,235.12200657023288,45.54480562083062,42.92849416641423,14.836284016757485
46.72531086705438,47.82782144493254,325.612598891812,62.61513951208625,82.86784613788573,31.73744116275069
19.87358798911583,55.825867736665685,126.19415350720816,20.220167547301788,35.71263731651173,11.079222919507107
33.6347238796326,20.718957356496894,344.995382076055,57.49862351744706,61.72791074006023,24.267324290712278
29.38834609102473,21.93966896419356,390.6753324287728,60.444668317656166,63.01052203208153,22.101358568534497
27.157016419059495,8.31978604079251,247.14232970451138,45.224930879537396,46.248791353422696,13.433721258391628
46.494167099054536,30.765402815658376,316.5089235496613,60.87599764408027,72.90779765749112,25.248925198643178
15.763818887142133,49.779572906694,239.0364434347513,28.87271524864211,43.509110265332104,16.667432707765396
38.23263901614562,73.63479311978631,449.16385724376585,62.180970562426566,81.70669902320758,28.049762108915196
48.71880519747427,58.354195796694455,258.9772066468732,47.166972629958494,70.26929606124611,22.382085809578545
34.60588642116447,39.83170587198011,424.0681803338331,7.520346045128714,64.09528520144379,22.18657802281107
47.788786171158215,81.24960915153102,404.6489879697193,59.412369909143166,86.30257732030864,28.920143501270466
16.82902577501083,62.53961604606655,217.04231424721112,34.06836854199155,45.751832690430206,16.750863043282514
29.657766167595646,79.41321622900401,130.440556091588,32.61961908666997,51.77121800812341,19.28002602694461
24.10552268367179,47.20703786177325,214.91942362869008,38.987996358778055,47.19459724661304,14.933703424692403
40.57873377432554,25.712341983451168,416.58434037210566,13.963072806273676,64.91799511999753,21.66259220932566
49.34539816740363,9.226134909177759,129.26361719330833,33.14996291404392,52.19261643467182,19.402379449795543
23.978552185548672,63.08678811870804,271.7294460117197,54.86763300306474,55.535400996386734,18.149123931286915
37.896111051592605,14.70423984044273,406.9264390211588,5.92894754825092,62.527013994357155,20.26121769428301
21.933417146590905,29.222010261757376,189.6691880616218,21.37502961946228,37.51120844212093,11.360886257047943
34.78655891000635,47.59767263071179,328.26062576129476,5.147275186630653,57.72212768414953,20.730802608889515
31.237637034091765,50.15332702237981,137.90315554343096,29.942678548990898,45.25825660931196,16.30412639253538
49.0201865371038,53.046655758970886,72.45413377671676,48.69893062962408,59.15513912735725,19.678229649006475
36.29845454437633,18.30042642797605,401.30442804457107,52.92630974687771,62.67051425108241,21.942308082071193
27.23272302303866,35.3789923857319,67.50493923617927,61.7113856676204,38.43163200351533,15.741769777463062
18.993352471077667,54.375538169357334,150.2630696382006,41.51027677824719,38.54536542579467,12.029787663650803
20.29363900572271,82.58550917070278,430.45252255877125,20.27761199917373,64.06622226336908,19.495563878663503
22.886092548293227,63.210491015975094,186.30525779776025,60.448876948201935,47.83974230275933,17.42652316954632
23.783833146910432,78.80830056751662,487.06176776679735,51.51894523282257,72.6634209489687,25.266595586286666
44.771562024439824,65.97696466513416,490.2724806914527,39.46570898018867,86.12391189532691,29.078331533141768
34.642797589888374,52.337357511392035,148.77248981770722,46.73841294313616,55.25166513191427,20.31620315220236
33.318681898102824,20.361869530907562,39.669546679947416,60.45898130044575,43.64824635827812,16.535723942400526
19.016910515422612,58.334852151401044,358.430376418582,47.7436417083753,55.759396890812766,16.203371881964326
45.10488926723022,54.87036527679257,236.473521271205,27.10247045508404,63.788424705491956,21.34705178292495
40.298500612296934,53.19753363658131,68.36136510059661,47.7816921373458,50.502015906335956,21.151979914012866
17.368392666500057,44.18286943905926,359.6109531094605,7.416689764123272,46.272311930950075,17.07041654952981
39.7742284030419,47.29252831914205,34.96395637372218,28.184933709834873,44.519091309223164,16.59583741567383
34.023837606992615,31.755402169448324,437.6944114362762,29.379381910734757,67.92529858894353,25.533195924077454
17.86038710113724,46.545015411384256,86.55321397438578,15.010294065250081,30.313734329402,10.635410253090289
31.040522453502977,20.80447245427826,81.109701798428,6.385128833106211,35.72653160099644,13.699312300486183
31.964370049551643,69.41395178883015,104.32270302492057,13.00287419826457,47.66229889947755,17.758897680572947
20.80210890571465,19.862156375896625,480.9278520761919,44.2772897478233,63.337025575921906,22.976521196701803
48.09943514500988,11.797303191157313,352.7212929218461,53.137328981821256,72.7800078834289,24.989984803274
44.74913800182317,39.89968210857259,404.6583370225456,64.29220956361846,81.49387521834512,28.78094470997018
38.415781806518794,57.66459516048495,210.86479315172144,25.781810186509656,57.1226456131698,19.110383618149264
31.180344635021253,40.01734599468331,181.43010920237867,40.96275333566611,51.868821123647194,18.173308850126258
29.411793955457796,27.140330556104686,132.55232325592158,61.228698008907315,47.74912254846347,14.959456553813315
37.7840713502834,49.65369471123526,250.7110535899563,15.022506880289157,59.387989389564815,19.599860299438255
34.09011542924169,32.760186832976,284.87779209640087,48.05873518056456,59.18123909469437,20.289965620255632
17.179558705865997,79.62941521013065,323.2519249533226,50.29872398894979,54.1645096633846,17.542020235039494
32.93759270696161,78.81161116828576,143.41688191937337,10.338532152160303,46.89887386403166,15.657079946293313
43.22412660314939,45.18974559776764,475.3539588334355,56.6749631109839,82.64888912705207,28.68122222933495
31.073395715893533,31.23071952146068,101.4840791394252,53.78630282665063,47.39699267185644,17.192340952146317
16.818480214399393,63.97059311653113,483.5135238878779,7.004180394646067,57.277227207657646,21.470915475459538
42.51973697844116,7.937035478645331,27.13093880360182,10.465064892803088,40.170773062122414,13.364094014675683
22.047732374759104,42.9815204834921,250.94033207208588,7.947613633511139,44.474513394630854,17.568736614023734
24.05172922108136,31.90587154162668,180.01656229595014,25.084611907961733,39.64456701382293,15.283515072776265
20.764722370130357,78.64287080820438,235.57923868652037,35.55733944079557,52.61106482054406,19.170013435106334
26.557527270502412,5.960242181814603,293.9189979107787,36.94086367727773,42.17433274807873,14.991490155772484
41.486302699102225,49.22519005746793,229.08279584610034,21.06000558616656,57.17168804624785,20.48877207898956
33.178505082637805,64.25308648533007,219.12648814476557,59.69581319361645,58.21632992970021,22.156292201394646
22.17084459527494,43.8014390019233,371.7072393983871,27.09576739231479,52.557792151848595,20.230596742785917
45.72405273532143,11.832242413017733,349.22061204150305,7.73300935792115,64.57676291804697,24.6042871138919
45.78536492330352,82.79691120223218,419.97021537720696,23.013626692483182,82.31348025755895,28.871708337961135
45.47024487661024,46.44083451008783,139.98031099495788,36.86656535264933,59.19557618503405,21.550902412259834
23.357867398353875,54.13489954552091,312.5736846819505,29.49330935529392,54.092179674411874,20.94758264597723
30.793377046334584,23.928782616600586,300.89349698856984,21.43055114595555,50.44786198703143,16.721177643086413
49.47463796493063,43.679846808544305,197.4741492188906,12.879394985859046,59.358439274342274,20.29782846544234
42.02043667084966,39.33195935666575,253.30762011328684,54.149870005773785,65.77601172723595,23.0456590990528
15.950859742894593,10.991667360158699,170.6154287867498,64.76871452745152,34.344727270040735,13.370052651483366
17.282160694117223,13.492828283797378,88.08531085615289,24.772528011432925,22.413607040119995,9.217520690119933
31.237598188431647,71.99780156950196,122.62458111811176,27.897262650596236,50.30148126932087,17.259222277465398
46.82270720515461,24.18559617652722,70.64655027257652,42.08225148061742,54.833217734204496,16.928712025402007
33.854562928345,20.59666171989044,347.87339609125956,48.10648848413248,64.51096460417826,22.948113527906337
32.42343778120016,45.39291610001114,337.1491486923927,28.521772088215474,60.79668236112381,19.90136462040073
18.69157949848207,66.49977050900104,476.29105835833894,59.295771018908916,67.99129188343805,21.562047852242983
37.9873036653503,9.955721486319034,370.24563855067584,38.600239353735105,66.05445220817568,21.22325093176091
43.77361062100789,51.14463357106047,44.9820026029431,32.02340458435586,49.13126421810395,17.68551398810472
28.31470026276468,14.536835427245869,444.437683485898,43.80036518959431,64.42147376350457,24.589071858625807
42.14641478238646,7.916884066049477,434.0840782139484,62.16823089495039,74.72251822121517,26.21122315177967
48.75668288652841,9.219516172977391,232.79375397089535,52.67313766530233,66.03599377000324,23.42966880147008
22.13182606946912,71.7331286566753,301.21426425340235,7.4007878321074605,50.97987009815341,19.61729694267058
33.316537091815945,14.437798690244925,488.51759958680907,24.93859464439758,69.1703012453332,21.892923072241288
25.04982853296014,8.612109152983356,275.50609464711977,33.23268109707336,45.81167922070755,16.814352359648048
42.74990466618438,40.03199097143298,454.5544776205231,23.871054332546315,72.46572831209943,25.345620232756566
35.215767805840514,72.51947775536198,59.85860374888949,47.01125364982739,52.86038481357519,19.350220872999415
37.21038461426063,25.992670119144154,111.70489698016777,54.57614899175486,47.388082229055485,15.860602917563694
42.92699558655629,38.73700940207331,231.56237285183255,48.88070571111629,65.85058835840303,21.820799989801333
28.85896654318592,8.193802605100098,300.68326800190624,64.35999720969652,54.377871938237476,19.243018534811522
47.02815239424651,40.92628113079007,411.7893688941441,21.352858873581745,77.98915028851289,29.7699895859812
33.6560103536149,51.209046450970696,494.3658152687297,57.49936970146529,79.69550522072004,29.184791984064205
20.52841879923718,50.67256430017159,206.64871830757588,50.99735991046917,46.634653044643564,15.560589410355108
39.356469135908085,31.594135373949214,42.75950534724076,26.730725453488766,44.053206689164085,13.40716428723551
42.764147265338906,30.24265445305084,404.5623215817559,49.04747261941812,74.9191175281108,23.6985902092921
26.086658697363433,13.52988951492783,310.1027451597479,11.244557385094819,42.18471837447795,16.738800608843004
45.00127399495635,34.34386565170147,115.3005722567368,52.36000894043314,56.94030081669302,18.496481853638816
46.71501391680182,12.959573509837172,257.5176591782817,36.93983615522616,60.387174400999555,20.64724092085744
24.691657058223313,66.32767557696413,376.3089178561877,22.53741036255519,59.606105572341335,22.84395363943583
49.42325154503277,82.30194381985487,389.797657792949,44.34663810705081,83.21907777703741,26.705825038744607
19.924903481706544,82.60595653333655,259.81683775940576,43.49719992286454,50.36197672933833,19.865088619481003
22.070548394087147,74.2056879500315,166.50297446185238,17.569173363175985,46.16225103263705,15.776327180584213
21.447869373330914,53.06337194716953,487.3964393784769,6.823844888691568,62.34928180758072,20.09937365979514
46.289639850275464,61.06925577951039,338.41405325911654,31.017355214100434,74.30384955026828,25.63532095187053
37.90023933137367,27.816464214433125,215.95400928622337,39.170712160665275,55.57479507074977,18.367283102660203
20.32364991277955,55.46163361380965,154.62234761823316,57.5963167022359,43.13394249726195,15.758109572400254
30.411319642892217,41.451963955190195,370.9294318417098,60.69300773885566,66.32209296545041,22.240533887075973
36.53543087744307,43.561387182154604,136.2480538850085,36.72831308940599,49.19470968804577,14.350685074437454
17.921242974628417,65.62212483001264,102.42079470737032,50.228209026112694,40.51270769175827,13.84860389050191
45.884572894256856,27.553468447780133,274.32026670179374,31.358196339679814,64.01666590390982,20.371015487938628
43.126123740453735,30.44316893556159,159.1939484691881,49.76492939437358,56.48053236164559,20.074666152558432
32.68223707518234,78.97134329029093,321.8744695633352,17.288091496350013,63.035857416714094,20.281854597424946
48.849431534070966,9.49794358807778,76.61056393963207,27.263884088211885,48.57952316542173,16.270813903139477
29.62163427462849,43.85074387306723,334.3717301923144,43.05367992881689,60.48883051723453,21.444972387353587
49.44386116627742,78.02406403262894,155.98233343889706,6.08947793642473,61.97266211950152,21.371743654274127
38.37719995812695,53.82904062545256,20.11660852856611,48.34767862033724,48.028137094433504,17.18549340755329
37.21349456388795,48.71256593697056,80.92930768360466,55.13213007609001,53.050763739629794,19.588198057447062
20.808421335352474,24.979534338348415,468.13538136084514,28.948499665637087,55.86000049291092,17.814099622921862
45.867471540662535,32.46203912515586,436.3302267753717,31.87654503062986,76.39904020822192,26.643067761940607
29.96213907722153,73.16387326437544,132.1323353773937,56.07693273299186,53.12720754434935,13.600266944260078
20.678169202386776,49.73745054147665,393.6185141818358,51.539278119562006,58.04748824297689,20.687620837565696
15.441263199151566,46.17937550054239,312.11436472350766,22.2889693420025,45.2407020141304,15.383024509383375
34.59144892734339,12.966377083202314,486.03426149593736,24.438566393692337,68.24253550090162,22.409712780098612
33.45898677429367,6.28225251640985,199.33071657634838,45.7326939434358,50.362443001748815,18.10043418405687
40.17737678292055,82.09481509496393,347.1010940082422,38.791885546889674,73.08291811425812,27.33806770576794
46.15903185562307,35.15889338294733,50.49714676348092,14.733774265789815,45.955134180036104,15.370270341614223
17.779230462506032,53.25704496796035,210.19872647187486,23.595794553749986,39.68152498249549,12.47131200851084
40.602377161912685,11.3772058549828,482.6324773703266,58.998996612719246,74.46567943213756,26.31052569490621
21.559418043415377,59.64914285784373,278.7108197360579,46.290466203335804,53.44658339636159,16.702894188757014
45.03619686050074,79.60533669647687,158.1821616007254,64.15845906113117,65.88450085616024,22.069003243852777
43.66722298515796,51.053220239793575,77.7300623017313,51.02075179884616,59.98757745012857,22.829255350020752
33.92778142449406,15.089225790032845,357.6936032871346,61.51846592861541,65.82436923686359,23.131798077620687
39.858497951815906,51.53772219787814,329.5309008462689,17.971314432228525,65.27710192274941,20.02778522704304
26.002253961431194,66.30777704837219,199.49058252981183,51.289092489015545,53.77411270220008,16.125451974850925
31.49087646264851,37.51332292592149,476.45184889560045,6.213051208867846,61.78530404720145,21.86798495549067
43.757291419866505,75.38701983531743,30.657350234168153,45.24560130269204,59.97030461933771,22.28319248064473
31.074281901062488,56.89463626858916,165.78744878327637,33.15693668721448,48.55501839259737,14.567824249469853
27.52293928639046,76.93991346313621,462.1133534237991,25.805604315204118,69.35279326262203,24.94804655316247
32.297435653760495,54.88042489978697,174.04901039333137,56.74426113758535,50.64789943078782,19.722280062010313
43.98872383530264,15.503037760385938,141.0813602504818,56.25606155945184,56.40128478209436,22.572238155670984
26.732281657980543,29.77533688841513,276.4257967669987,6.338102293918615,43.89468650402791,15.859974416199583
21.081655759751033,21.143595860196555,415.4248399618582,41.57030734696586,55.25852964257328,20.100689266729358
39.92049071157733,77.70611981734899,69.51044522161331,27.069933459257385,51.23662619285055,14.733042526055474
43.90923744478286,65.83200538299862,472.64994062995333,29.939660090026948,80.2092930360874,31.22288138462457
18.522311748323666,59.11186951280048,401.6349829669587,54.92244435312656,58.03641910875896,19.449511368421454
23.395593946458064,29.077305570529735,107.00012266474494,23.590386291660696,34.38971083197205,10.636192053552655
19.969019641634787,19.723581764017084,361.7638213751181,61.58292863825721,50.491799762467764,17.28932071520428
27.177949405375834,65.51608703911295,204.78018686602744,15.778029582328445,46.66076654478929,18.598778411954395
30.762284261689445,42.93263567032638,213.10144547663296,44.763345402090664,53.68813433466387,22.102916088447675
41.20892179371573,23.063164172050328,395.97924437065586,45.32630402082588,75.82530520516409,26.726969841021194
37.7901654708586,54.32975825322201,482.13670783075145,20.13170968567509,75.9623018284538,28.08393189886431
36.73249986174509,8.226708171076158,80.79481896665308,24.48503653803212,37.93898252094465,13.343449955358883
27.333123131337906,31.09362033026028,221.9025137018333,55.087909554796425,49.19919053856399,15.66302347897012
44.4506643579666,42.48455956729077,250.8519718804657,50.70831529729715,66.80007650787567,25.59514228393892
31.49505085893576,16.83666672875247,200.62967213839886,24.745752818885574,44.601875390433065,14.677465166116988
49.268672830530406,83.77235820726716,194.330779383788,37.03739281609603,72.68111900243856,27.74168781091132
37.19497484035079,21.727789167169142,45.08896042956634,8.700817775185728,37.849296411337775,15.195065738621846
19.419265954757595,15.428250403461243,349.0585378700592,17.524752943917754,46.60298887989454,17.2321005038989
38.666214672640194,21.282789910951713,229.38292021762177,34.14923353162395,54.43176899248232,21.79458128175034
26.378640540109465,66.52489065277794,113.50102526908485,10.158424116752695,43.12892168353311,18.443641639015194
39.02145188401341,39.04045274174742,411.6960811049928,55.599941293516245,73.50183268347584,25.462776394770074
17.437440185684203,50.23327518020304,405.2291591127814,48.08037260645887,54.77722948326209,17.958839141517082
21.12085030115858,6.6807325589088595,253.46798148266902,61.618020238909686,48.79876391047871,14.283162612782839
44.95080406170252,7.7545046858651645,163.25631735092506,46.60801435784163,51.56009343829026,21.413056086546973
22.95128449582302,40.66604398616129,326.28450838229713,61.424082335731136,54.598241235837996,18.44986141916562
44.2964393835029,70.33241945612988,158.31302517315348,38.270753341457905,61.28212096103289,23.15129762201412
24.774663095904366,75.81911029660522,133.28380655538177,41.013116663718165,51.39809269244958,16.877449391093126
37.50086685205477,11.936525407651217,370.6470339326368,63.61826327757565,70.43850576173705,26.960875477976018
39.29527007284409,48.06904816808182,39.35611506605633,43.52774881185562,50.607607455660975,16.662486221758222
32.94291636007685,78.05837490234164,65.48886609660511,6.847194131644796,42.96416321565739,13.24987842505407
25.685873684385594,36.03782035183091,23.258323531323093,48.4281665978314,39.353120169135195,13.460832412766692
22.442553172988365,71.36526651426949,93.41272950820455,59.32812152824494,44.4098735213938,14.745792181045372
16.161627409684918,15.695652351954896,53.115204181020545,52.7348149876596,28.489785812055935,10.865874712411395
25.638124043425336,79.8315591734239,497.98513653436095,40.029996357525356,73.42215433858945,25.62066162771752
37.86069766859491,65.11386540250422,158.62878557796301,45.27821078561098,57.52903561957833,21.076716058680297
47.840668645696894,80.30675142295213,91.6486460812387,64.4115073551003,65.43203941570575,22.46468158586907
45.49215687920682,59.12937868420052,135.67820383804062,10.439725310560299,55.83271591790009,18.543789514736822
41.812267178735596,34.07231455995416,469.3402743392646,45.03468971799437,79.0649905306569,26.797405863885803
42.595657013865456,80.0544938019778,269.6769070517099,22.00386167423563,68.8398915831646,27.16137025115415
38.274471621659835,27.045342104734278,195.1126862277713,43.4054237951702,54.47209873645609,19.402990956100034
24.110040014810103,31.5738017649386,439.2278997964253,41.45741455303633,63.71159104102725,19.323413550179968
46.75182607470404,61.064673440139224,209.5953298635356,14.207409926489724,57.32895881824868,19.284822066205916
38.47563091670419,66.22530396203089,180.804113579694,17.40479874441435,56.87676259471958,20.052165956865664
34.6154220843154,79.3522787079323,119.49561082387306,42.29777468259281,55.43788888500165,22.171360631626143
18.884631422471838,21.38419272449676,201.3424754765175,12.693796838226447,36.51663261483662,14.323869489027665
30.64694403322489,68.83984281753791,172.0084908881245,20.91085250781937,49.74164777324678,16.0269999659135
31.11253949206742,64.08368427175708,345.1059004631077,55.11473286428014,66.9493706679287,27.05981336413372
45.25972633329345,10.10356450028783,158.999698241949,24.62549036009832,54.34311857954357,18.973350955638033
34.1326877065726,35.97785129681655,297.0558782828295,34.283609376179776,61.37673063045037,23.351350437270042
28.314019213964336,27.621236564807887,51.628239215346895,61.468420108750415,38.58850850328803,11.773465230050958
49.18801149787308,29.359233948322434,111.8187952143269,18.628945330216776,54.77683942612151,15.57464915626618
18.875220766421048,83.63575036437607,215.5545303734474,28.377561041480625,50.14544151427217,15.438257294442717
29.789194990918062,56.42219307839423,469.7356418761738,41.387466532612734,66.84062095301273,18.518717119260895
16.470863630999187,62.41409262347997,201.0809531435338,50.32033577023833,42.42306571448786,18.016206990950113
40.89664422684256,83.12941098520074,338.7555781759204,59.099203202762304,80.27403277345485,28.417710849038816
47.13267932697027,35.17614259661109,142.4418667622711,59.928379254410906,63.699768227987875,20.907952852123707
24.80130653426713,69.14721347622448,80.97611646715123,51.59840446235738,44.29754646088097,16.18307730627852
45.04195868796923,39.76247706435963,48.09756803842406,18.69985019559863,47.13898169730058,16.78264464832545
25.22763806616642,74.56269374519837,166.59847930052064,6.488559802553948,42.19170818242906,15.698497957271156
46.87695565753703,19.452603304904255,95.67729286251583,28.02643582133743,49.93821082956198,19.292670892051092
41.38866662588744,80.81489416514236,103.52501504773961,13.492931059269399,57.50349650035609,19.69134204558711
43.171737189450354,22.501736672870372,385.164468025736,47.62325884629789,70.42060032830993,23.327451155756997
15.630229446015907,31.097640558474524,27.602274053539624,44.66783520954301,25.684954068459998,10.231396745518875
48.69836249759091,65.49537872854245,287.7488603530085,7.63829849728729,68.50918724195367,25.181714701510483
40.433484722461316,36.500411325232534,202.1414626848631,55.19562674785707,61.542389460300555,21.69094002328721
25.66628833851467,53.656910141315734,263.1439999561027,19.924595977470936,48.77056548216782,20.336029201779894
44.02881327005964,40.565880085554284,290.1585138630094,30.933624529462534,65.84293003747734,22.38829232882459
24.853241944522548,64.38959496718255,170.41649333949354,45.076024127344546,44.54285508656639,14.240212322845332
45.54638438481447,23.266500189488866,161.65225288845693,30.765127211135198,52.411021939076335,18.970994819936617
18.940313664417797,9.67663897895016,372.03288768075475,31.477268167996606,47.1581478981007,15.492944978964998
39.62900921112785,28.994351797845297,438.21295429815547,8.937679720144423,65.35376401764648,23.617092192393613
33.92444668257186,42.94469318947442,112.43918358009338,29.086612955600227,49.817407875982795,16.186580372834815
18.37870645684043,18.441604175414284,66.8570050568715,50.89087359319901,25.29627472056942,8.253332727801467
23.466283989059363,33.383783172511095,450.94198706817247,59.910580231195866,62.30483748331029,24.642953749217348
15.434141269706018,36.998641463485484,187.94982255075135,29.809828223802306,35.34554543748995,11.762559867999965
31.406878791257704,9.591347495061884,284.6323475181508,30.41514961274473,50.10322498119368,16.33785142739184
25.54428412660001,51.66457985473636,192.58070936960166,47.15762637941913,46.19427679052319,17.924015059742867
35.94251195042156,75.747474237703,80.38512144610463,61.56632006631659,52.62242209913186,16.84128480926611
25.403323269801604,17.139433036244192,302.87918957490945,21.023656414361614,45.11718817428903,14.751601015780558
25.497168902744463,52.824641072121125,272.06760884942224,31.40865239227621,51.27967085458691,18.812726479868907
41.01176195560612,58.179136392867704,117.43690841177467,52.758394613138066,61.197635307436705,22.826789493412782
16.68499925924237,38.546774433543064,236.89714143309337,41.581614162442314,41.80892066049292,16.46383681779413
46.60132483171955,61.0878069891416,402.53480192751,11.635180637837284,78.6496366899958,26.406540093167802
44.82923560369135,37.85852347928096,303.40452949178786,42.663964133735945,69.8892887800318,25.35526408249031
38.37316391292423,45.370983038194794,66.52031699215753,16.204777075839615,46.703293725175435,15.64699050449513
35.762754953758446,5.588243564354158,283.05031866998485,35.61295604470425,48.749599348615114,16.15387632174934
46.23058743488782,60.33760913077511,357.3143836590017,36.74619605962631,75.6876587113068,28.295499722395807
21.486556283505006,57.90741431557795,400.4976347747607,57.57220173349909,64.7490627023181,21.837840352021956
17.763920676679,8.072070186107565,321.97643774444805,32.74965644074629,41.49534841455008,14.940678839123995
23.382855946833836,34.460008591610645,93.27591897957619,21.766545334153655,37.03905318082589,13.197037817135019
42.81023975450666,83.32254726333339,360.8831679632771,18.857980892961894,77.6701732284934,25.57842906546493
16.213459335426915,38.658925005489344,345.12408611912787,57.455112601060165,50.197904043971846,19.018405698424626
35.39823922792213,45.15563241054734,31.724903811503946,15.260651265093703,38.486445510502904,14.310677269194446
49.84031306669585,77.79441265277748,217.63888044331674,30.552113652988623,69.11350996230921,21.21029256900259
44.949363284313876,62.380950069260514,179.81611854193918,16.230386895616817,58.963199671422146,21.053251551853762
33.250599116525635,51.56561048993788,341.31779084174883,51.39824240686252,63.104994155418986,20.92728780314671
17.227431825032482,68.8243745072858,123.74518990924194,33.462358398477136,38.405724204699965,15.087616431263928
44.09807300349985,74.14930131647786,303.6185230276441,26.068621433408723,68.46614600171503,21.795051345429123
35.964247786202364,41.55104573898135,458.3388616708027,26.66597843758801,72.10466693022971,24.701917972636082
19.02265489708484,43.00866919454683,402.9451386601317,56.13285240337876,59.15072031162801,21.2457889355525
18.285004968817468,35.88407485214687,462.2997133839346,38.226437257666284,54.510105937621624,19.16004751938038
46.83693868028074,82.33649120147685,489.6828641276912,48.07207106787582,94.06490105002344,34.06715275257916
38.42200920283275,60.77330034322803,25.121660962958128,58.82231097504107,51.04252455213664,15.587250614233888
44.025037976086445,11.657845296645784,318.91581266118925,59.104500562438524,69.23571018488738,26.71037007001165
45.76426150987936,74.03676986504148,218.16291092427508,24.710543260271788,65.00107565788369,23.538093468441698
35.01203232169128,43.444795266901444,432.7301553608584,62.14707578878312,74.94036794370643,28.268706099798596
33.11062231142644,10.500312513798997,140.87105696438323,6.492552920876326,41.10481317328715,15.698044864500364
30.064959361234656,48.977380413064886,490.89415477523653,27.61013366096994,69.50825339591466,24.310473516887566
26.093130572689176,38.37314231805617,314.5798253809987,58.747931450530494,61.04747013681647,19.44031723151902
30.21085863005491,75.21995238900999,400.8979530698389,21.478212789018976,66.67098185982702,22.489513879066408
42.08578795055547,21.31956828875099,61.0877853549288,21.384887019279102,46.479266039404,18.652088113085266
36.0673200855296,71.11716875937464,108.05978468425522,23.157337104913324,50.97982493973268,19.92109540139101
46.238315148419616,49.615095294836216,384.0337630564175,41.73880309081533,78.44900904845484,26.527753196803655
30.51830050327157,9.368824257077524,30.553530578875332,31.299966536861227,29.08747043741079,5.953158223790508
36.24813525515639,82.74762410603877,412.10143322901575,48.604090181200554,77.94330107694998,26.961120775474814
37.095764358219604,46.009219528256,26.695528972117497,58.69463855387995,45.36167960618777,15.445033529972044
35.709400680721394,28.2701483385266,335.4170427494112,45.45196249657164,61.087576675769746,21.005992918458833
39.59218205799307,42.55254735914065,195.2450817112668,17.26800321185453,57.67884744067969,20.980405406984993
23.310171393118218,73.62862268139912,313.5175293052156,60.960914141630134,59.91981909217771,22.28625555124469
32.93273221410267,29.39224995080508,354.09507535477456,20.86957240084871,56.51644236262165,21.266204147566864
18.647868098292168,20.414111718936027,184.38810520942602,13.993657719689487,32.16840930487185,11.927506966908197
28.45789646756844,15.325699754470516,71.82197509320106,10.398036731657655,28.977243754713808,7.440879261265877
32.068347401744255,28.8287518712169,53.43001651916751,38.80302443996994,42.13015000052219,14.233752901142823
37.82784908409154,67.40384696320348,302.68929083002297,11.825747748839108,61.859137717070766,25.10683287629855
48.26858684051712,42.730109215620935,269.9145697923735,13.326553046757844,66.8807989005043,23.96960471738022
36.022787329192454,23.1985282954832,376.2564843781436,23.0018288357298,64.63415199052854,23.173682549350787
41.02578706617959,18.294799968779934,264.67304480188983,21.89918058106783,56.220111790687476,20.216268036401402
32.719312082332095,31.61835812083033,222.77397921482196,41.25437061992854,53.46990831070599,19.33753734250608
37.1936410981716,80.19394983085671,211.08184555339082,54.00471676836089,62.21452197043156,18.200414418022163
17.48262756468207,32.44213700720195,32.69451324688038,50.680979372173546,33.27271757864545,11.286164677159304
23.903705329464643,84.04992607637082,181.06745681439543,20.749067282988605,49.24208789026663,17.177891513901283
27.664858262179855,43.818436461228494,488.4896756117572,19.718629879158797,65.33066361982367,24.7879753658184
31.537267425227974,19.333113463212072,439.3066765890026,62.94749180641806,66.32807968860473,23.286337232945097
16.59770609258343,76.29120734348075,178.1014721764245,5.4941744955176075,37.745837993047545,10.741276217663728
19.90084341436612,41.82842985078615,302.14179443185867,57.78323198361295,50.91964480086831,18.467009414561534
24.688500772695704,61.773707480361956,426.70243785703707,16.983711147344298,65.21816094782308,21.620619359373958
49.00364418153677,83.69692665673215,231.81168164003296,61.83705938538607,74.36706824059546,24.203295422586283
26.59714524860678,9.01402802559792,28.61977460007246,25.538437089651183,28.551155626975046,8.741665899366394
31.871437033922888,12.73556478300537,55.765021672947235,31.42110643359514,35.763089218941595,13.330837571126331
21.863419945843752,62.63653931702049,264.9885062473792,47.42723683666286,51.97591123894958,20.079710793272454
36.37730248765189,27.546000263637758,485.3309003244216,40.26014308839562,72.74112075512795,26.18378718206116
24.8239125430591,19.744111756007925,352.7405802650565,24.07635978240937,50.71992576507708,18.700008853202508
22.244740245344936,8.14895038557836,54.03977189051338,38.22985495206941,30.008458769408474,11.212528478549967
33.080041995609264,6.747736958896144,110.89322038009414,48.84241306177317,43.43417604016661,15.353952379349016
15.192702970614729,66.95884824958327,390.235108744088,7.540096754149525,51.42942712792522,19.045695447217962
15.268241142722886,15.754674189564,423.8910847789975,5.671958315342247,38.9924710121868,10.019201653661247
22.667408318565023,42.41764927769207,316.4934013705236,32.48401634437348,51.89127565425074,18.32857900594501
16.28524768752874,53.47174521435864,329.32312142231194,12.910197068210852,42.63461357828573,13.354727200466627
18.780901394574197,39.2681440455077,33.60197618402463,44.86065748788286,30.968386737050725,12.583289216783962
26.860122726856304,7.1685321868986485,417.69452459912407,17.84314737364605,57.30001051997756,19.834270724166853
43.09049878529345,67.6801202070327,398.3720999219982,30.971066407740256,75.08242388690103,26.3252704928171
35.02170251792553,5.841057963332279,144.33686916960664,16.860256212456136,40.8821481363782,12.051144036351664
32.94337040847458,65.95119155019873,360.16482558344336,37.90901514494747,65.67577503217986,24.511767594782224
25.27210881228426,76.46435950304982,123.13021108399909,11.963207563074134,44.48634895454616,16.51121431450187
47.61138018014857,39.62719368457378,39.358477304726236,6.3864111672488155,47.89067683114402,17.597158714411158
28.89552644330171,47.84339784782386,116.5455404433811,8.067898286401832,43.0603343220417,13.85158273446136
18.048246837852002,43.1586714094123,105.74186084206376,62.25550649091859,38.03548063094963,12.151958453425173
36.59732806412305,36.1366894898751,182.11903843272668,13.537173116656149,49.86548080015024,17.78831746172144
18.98434377168105,75.99396282962883,220.8557586442199,47.50869518821011,48.96984256754882,16.09769728327001
27.082809998059222,76.51468085359924,264.09866791889976,9.075572253369575,54.56285140123485,19.749337434448204
32.75941785512331,31.865309171322764,248.8418602439975,11.48962113411093,46.57226292811634,13.058923120690636
45.59778836398115,54.20558032117584,149.9238108633389,35.53257508456008,60.3505045657732,20.39135976341073
32.27413031190415,79.15260497166913,34.00192091555574,32.89225580926062,44.6311302589439,18.3160257887701
39.579056811108245,81.96467991530812,310.44877867383235,62.09481856639218,76.01088796429407,27.26303952949657
49.748589364967465,45.7167232337638,209.9575183267301,61.69012718124424,69.79087835976789,24.67699792271525
19.602119196429356,41.225984422746144,163.36263554602385,51.776518552547905,38.62015414795858,16.494893755292537
24.615603393183182,27.295545274282063,436.1317005586459,41.12610980764099,60.20589343858218,17.568132275301608
28.81016264591762,81.7097498552328,378.4367877431167,32.29761904358066,64.24343225695488,21.262234617752046
29.763986248859098,16.42514435782939,431.7274632187723,26.370712059705262,56.41260323285867,19.142651373879453
29.385737634294102,51.386366083818004,257.59174146198126,61.82525281853332,59.53439085939385,22.124563650295933
46.76638508947942,27.60402140149111,82.84700102085318,41.174528685481135,54.39320002515357,20.351104553646103
39.99114255633998,27.32066322782373,354.18628933821077,39.74435166115967,67.49600019393024,22.324590004401642
36.27668249317463,37.397486990095075,118.91541436984411,18.914067306134893,48.26291450799681,18.388951561012707
25.828045125197374,84.90343486525236,231.79024116402405,7.801869073106785,49.407757155549135,16.687742853459635
43.83266344774532,9.397304547185765,51.20037869546648,61.71131478557266,46.01342677563893,17.922158809947376
48.42711790197461,51.28334545628252,416.1480331630316,23.824115530679236,78.82794398362951,26.04081634708724
43.74193988925793,11.605772642822174,80.45150770280028,31.555341399467522,46.17892866182352,15.97765763303899
15.054778681701551,17.361666399241518,453.48680338366864,11.87839661514241,46.40447151072735,15.506314055689732
37.274047956419246,40.165035341831896,434.8306890855474,55.21545979455752,74.01036642321685,27.48767380547447
16.789738350473524,45.836810507715306,242.9997269308381,6.657909971355838,37.04521284519359,12.1816526709685
24.016252711680266,25.70339266916192,377.2967380659155,55.03944572594579,53.67005012846834,18.720844751446286
17.08336451217201,30.316570469953295,317.33363543271355,13.417100767278008,41.461906959972744,15.271884532485032
36.13284085322857,11.957361620474645,405.4763083221175,58.193846757869125,65.12387485449015,23.611243923610733
39.030646972241236,29.257582707540042,227.2664483772378,48.78635824016944,58.954582262148115,21.9645327029616
19.00706733230668,82.32467515044353,397.188072437288,14.880215750438307,56.171195799746194,19.97660569517817
28.434360906574284,80.57659053379854,241.97927219127104,38.949079571568085,59.55994353151002,20.21860686310876
30.96827781344397,31.7902632109588,471.66357816454104,23.759378861313166,69.16154131864018,23.681991343485933
27.91685576163208,50.66831490230093,253.45860839607084,15.693985934695007,51.276595169070276,17.985316781986015
19.23587501698176,77.76763128887555,242.05725052819017,56.5509319646665,48.97450444630433,17.51546527031809
29.663172656561642,5.494705811271734,396.8344935504861,29.211365990433762,59.51660282757986,20.610053517880296
41.29123167329463,69.85468562700734,414.3572920452022,28.912622861922948,79.79801422115891,27.958110108853937
17.485268258663943,80.86956422311351,286.15477487416194,15.193200488397201,48.357521716833574,14.649251810033592
17.80630049286662,12.306058746684565,106.30295047763619,27.98394056514672,30.175713855422536,11.562532776079903
27.416995214259448,17.915814882633683,244.52395085963818,57.29701077973101,48.81958194213121,17.358522113080067
47.960399906662374,81.85970422170843,484.67480139664565,26.787722629378155,84.66883730513477,31.136898677108803
38.40004263530199,48.0032114912277,381.4333726588089,62.096213749987285,71.9711707193688,25.19015051288971
38.75344848353977,6.135730757737896,409.35804986198343,61.778533952503246,72.86228847327847,22.894204597864782
27.66719967932527,25.610559901082333,35.756239433235265,13.693919558440761,27.452394864360485,9.070668918566158
35.778127692298845,40.99549394150877,244.57254206439674,15.638675211358692,54.12504321220167,18.64387023959296
15.354591440971019,60.432712881981416,330.37814415562656,56.760444219913346,52.651972851207354,19.54254545607297
37.26336162433398,63.652830250943964,418.41568814147587,28.56565513548315,71.70257139557407,21.99048967168083
46.96504316516828,84.63372103403648,43.65135371973031,5.26243893698056,53.1874212389442,18.677366709053867
36.440071392068674,28.000895950700723,429.17066510809906,21.43230918232226,66.60039478691685,24.080650999110855
45.57945077132207,48.05760814947802,283.2324496361176,40.8577395917336,68.21096857181436,22.881607172212746
40.33905694131329,47.6658838287684,114.71070587650877,52.95595795759808,52.17189739547108,18.372106103140148
19.21954457412916,37.451620755779004,172.282503895856,13.003317025595573,35.340834649209235,11.428737363498463
46.58586575500446,18.532951507393616,155.32618484074916,11.63248186500412,54.72998455742701,18.061135195268864
17.32553455245212,83.19652505470741,274.8123364584684,60.3255592143399,55.93385202018742,18.964218431868623
33.68886153917173,73.26537493332688,44.809126357343274,50.06890206935496,46.61076367719297,15.24772929831702
19.97479933277102,44.86664226353898,96.09735607996329,40.38677604668471,32.70373433583041,12.471734485445143
15.409731375581643,53.259633814722385,410.09266082037556,51.151207399755684,55.76215600861264,18.414326787761357
29.771199104467364,23.180884284772986,83.6499155584693,30.731261678398308,40.67534927474521,12.882007235588931
25.326424767895467,48.50296563133975,132.03020933990095,50.507344838547596,45.285230447664865,18.501723656942
32.01001728291611,60.597610649718064,237.6178906899955,27.308179476472144,56.640005622317624,21.26511198554722
35.20199603570928,46.21336227092711,268.2180262943986,19.645674349556142,58.45510182046481,17.667015596173883
16.530867530813158,84.2228136467953,386.53303021479616,48.74080527757812,60.71993349425389,20.10482428821006
19.305115329331098,53.9073324998181,234.71956479977013,30.1803375294361,44.5132555595681,15.9433339034329
34.55248387576489,34.677897007373524,399.1350180970586,63.882626259571694,71.23382617746108,25.417471762958616
27.010857361043037,66.77216220926705,316.80622738181955,25.96911093848606,56.41848691972811,17.5107311232995
40.52107206423068,18.637000926531364,74.28787492343477,60.30364523186395,46.198439473966886,17.907302055121892
37.83020770071789,35.76126509650132,95.03909042856252,60.97775291402477,52.43819368344394,19.591204417977817
44.59615270464674,32.75671603020687,229.77618821589,19.511176823884767,61.937549929699856,22.400994923455457
39.23724893342289,39.54456760862218,210.506908682739,52.8932708952808,57.376685573580005,22.116932686821183
30.047587708655186,67.54238607429811,376.9012494259014,30.98447030867391,66.62271140395289,23.996383980239887
38.55383178380514,43.73384257307259,298.7538271027289,60.05148363382089,70.25622451323252,25.262549898509153
24.638341098939648,68.52115602127702,206.30387888107967,32.007456358114325,48.99811916594951,19.485860615815692
25.720972457237444,51.11911225118927,101.96493605618511,49.658223040241964,40.84021782080952,15.945905608374893
42.61448059722777,32.365554772604426,128.88180911623766,33.01804454982787,52.93104518598128,17.26360462672615
30.624683074055376,69.79829949467779,296.24048886514834,18.66804534277137,57.27212128800087,20.995035218808177
42.94331191814234,24.06317364424733,223.2506263519004,16.961007736681175,54.78121031111136,18.1770218114511
43.784783078389744,22.950638383983637,267.1652042531226,30.525871655380733,62.39919346048254,22.595949537594304
45.014681818144936,45.36023392438686,101.92516894507216,50.3296794208529,53.93303762224823,19.5914834283166
47.08223325444226,25.86793967696711,338.19500112539157,41.30428911084601,68.23238251901269,21.806132912970458
30.08448271796537,5.726962796097306,429.21859561086416,46.3177573940326,61.627336532157074,21.386799369288422
26.16033864123986,56.86380218390412,143.81096325771227,21.939581043916547,42.61421745420916,15.312861644343808
35.376956130793985,45.88750571779184,255.92682839927676,33.88612075745633,58.62755229825555,19.865208017898205
27.991034820316965,40.64142515945289,488.25311793003283,7.663715898159619,67.51202721912053,24.10127444027832
36.03759583800816,82.35748116946523,179.95603546434927,54.05194495748724,61.71135582298057,22.8078212035448
39.69550519253386,50.6959347170331,305.6222455634054,64.39352973439247,71.14977152803182,24.856530438465004
39.09417564722479,74.07452622315076,63.29393609611729,29.412743757480253,49.06784964353429,17.510646590299388
28.109351045704248,16.156018896412814,310.8872011901327,5.657819187892601,49.01712296535234,19.231129155707283
20.84010705945635,50.53651705035421,63.0232511862166,15.187558373056842,29.781060254083002,11.13316596376689
30.068526846177264,74.43837013847224,480.43300895543456,44.151612665025134,75.30110252761598,26.656622319177302
19.990795042866807,51.64846058239184,363.5180729947095,41.72475909223155,54.92915285146236,17.788084428549784
46.15339623143329,62.44113425016012,398.3166983051391,52.271883175132636,83.70441635602025,30.30308474169036
27.10571112582501,34.763485424976594,357.97009317038567,20.23304065766409,52.2274795072498,18.774842751625336
20.40609115281633,12.395961362965329,303.06993731670354,50.817914932828046,42.09238760289818,16.657944811566473
15.890671596701281,41.63202361016572,235.95813492104259,46.279041291420185,41.65883648224304,14.65091058374003
37.60378352002695,36.558351267108605,432.01922228531,24.368869862830596,70.22645470313131,21.854859395894962
37.29158111091601,74.36481459031579,479.2811204206703,37.72928888341772,80.23210267025891,25.531054631348223
26.92114583034521,24.51962418819778,259.53736299395905,13.836428509899603,47.82351682118216,17.841752033053357
17.509916109667785,82.33873820280864,467.13682359452577,32.153870206134954,64.52647664757951,21.7289764301056
29.337011321333122,81.6510495843597,299.9997967944884,57.87184037333846,63.8569613742347,23.00508810764789
25.892612327218774,24.810531445715096,278.42440971028793,30.271482789523446,43.59903549143357,15.431011388755282
38.699222390725325,32.844156438185635,238.15171181857121,55.37400238852532,59.992568507006986,20.747139475911563
36.20227373084416,76.6444592699108,120.45812553445754,40.41520191558166,56.7200749407441,19.707484300878097
27.7607804869139,82.3297776716886,21.78543719266841,16.512602786141407,37.657919333600034,11.882187509192171
22.626239398924653,40.47512822688353,135.9229888909094,39.866374681873786,39.43870688601626,13.779880876756186
49.581258815445715,30.679763651271827,264.66712236971125,35.35899974942381,68.68767635302967,23.163946574368786
30.890056741864022,47.087521060123365,202.38077708468123,28.91848011178304,48.04245464447821,16.256474345378816
39.08959825230829,60.02153650925878,235.27290944126423,12.177826370964219,59.730174013967904,20.420087337825024
19.919353865242627,26.877961229998384,490.7111453907438,30.00251983083379,61.877275295597016,21.317006448610876
31.995639488078922,63.91785396952582,188.13073792127724,9.365742574377627,49.34567786150569,18.65424743628762
15.963785195431292,9.132588569171283,237.0478108928518,10.926143083925075,30.037011943973614,10.318267936583725
32.69092912686575,8.943559421153315,84.0874646493534,29.95499197596296,37.5264822540711,14.66982229381003
48.74060924911958,35.90301641164362,43.019711569754065,23.32288891810782,46.27239272772266,18.502119881692654
28.44723495450301,33.27785536485764,392.1965670043974,60.53265955173341,64.52455527969687,23.866011324478126
16.364860440121905,30.25065722937218,293.92792403454973,27.54234832281623,43.043611563192734,15.866966849720223
16.083452682177025,44.2815810135128,385.1383069010696,50.471487324326006,57.030165843438255,20.450806359428668
28.579536598140432,30.658686584925697,91.93414346554478,36.814851581974565,38.76909723541674,14.867222095970961
20.60087277621179,20.380633477447354,294.47781016769164,47.24514011854013,47.71751636183791,16.835171834537626
15.817323371486507,29.75756392708807,141.74838768386024,20.60695898092395,28.26115550233997,11.368259194754787
41.46747648825619,82.9923418248188,129.46967211200956,61.51429837029974,62.76061218116109,22.88737297134091
31.048305310866173,37.88907335958789,25.532486745432923,36.80530981486544,34.51680985361067,11.54112275759315
25.12356701904291,40.57702214866686,82.56354731315452,54.87944427711498,39.41519661790513,15.139095136421004
46.502911405576825,51.1235991960912,168.44869351985378,26.90274160856681,59.89490804445161,21.100437824524416
19.064863607018395,83.66726147313813,76.10180508365075,11.012680943031473,35.30074612933756,12.196063133849673
48.457159013436176,24.32810211486104,493.21205139725,45.42269886325093,82.18154934558473,28.049243530356172
25.988835108207347,59.502568842594705,168.14367129149633,5.465578900245469,42.433998091059365,15.100927603682635
46.09412853080384,62.27877548333793,82.55549441711752,33.517578593930494,56.1174691585453,21.13580812861033
36.10300067678115,53.585953343445276,115.55951015741971,16.568114159987555,46.71333392878886,17.683076883465656
43.93475759095206,12.086267170931526,302.0975496039087,42.64253026612173,64.36008931061843,23.056121954904885
49.44046071236625,59.149782066206114,50.740891455098485,63.76519238827113,61.16705736463928,22.3079355387113
25.0941903236561,10.127576882894038,433.9683824677553,32.86417437923876,58.1895056963821,22.27387218101757
48.63974198926575,52.691411963991754,481.51984603383073,54.04989539154,88.0020221674827,30.575758321862654
28.631866321584713,64.16649417773941,138.4387619203428,35.467051217067265,46.58813142254486,14.63271599259539
28.49291666579228,21.877591249596033,236.0457289236125,34.75040186624145,47.201901278300426,18.472360225673008
26.9135486489077,72.32976060342193,30.624536494158594,60.82540959072667,41.78403655779523,13.829745417182252
33.94926625716548,7.428304442640341,327.5409078690663,58.39795212480089,58.82426462508701,19.552985433764597
20.395076511247048,72.50502909266449,218.68450786524267,52.14802791127846,54.01176682265054,16.209821754925862
34.37990198753039,41.82632405142121,149.62806372874672,22.775345199007045,45.68009788007331,16.844958837772104
33.959668434350135,22.40703519453156,119.28181309597207,37.700504943436435,43.70699069611018,12.86526780681023
41.66656344117045,15.70225159951744,333.93107727620503,18.4338339983411,60.92219143256482,20.197378789860082
44.17774866781549,81.2645734065898,219.78417489551094,31.635001882792388,66.9417199466939,24.311957173115452
30.41544726093484,10.813247006492537,106.23645873435777,34.052783945587436,37.59310177416821,14.24046749957143
25.58166372730228,20.92747359487405,350.7723591136755,54.898402410159854,56.55962627720935,18.818312974695917
24.076721406098308,32.825787794643674,291.23469585761296,58.761701919499586,49.54585264696731,17.13981843594995
21.811834284670518,54.61878791688964,432.16258636615817,29.877203743788673,62.236181569363325,20.473771759667933
17.017665376965873,48.58408682208787,76.38843146071659,6.062266704394233,28.380139227048183,9.110453547750089
26.98567925921497,15.051479392985119,397.11996893333895,56.70643038736128,57.25983859629309,20.440266398931943
24.458669224577413,28.178238699057168,343.2880576722843,15.456720710081642,45.49378363425869,15.170354253795853
48.82460850532426,24.100141686881926,75.20524967748696,42.31291783342361,52.02963379006493,17.84404926625922
34.51980891875154,22.083428359227312,353.51395033842596,6.498254026047872,56.11732699344203,17.444004425278358
27.154696366067764,37.891546918398966,231.9426986623186,28.970388515633857,52.94268876516274,20.229375315016163
35.316366034779364,61.322516207332555,473.5926970668047,64.157618126921,80.85484700167981,29.06429634034453
19.87188454709934,22.396234577378877,87.97344829659167,11.041616066228187,23.37727863043169,9.371405578406893
30.541531222077104,34.33431037623851,328.5600275915542,30.421589119978538,55.54920375855844,21.377859302420745
36.91820124973724,36.27339414729298,203.35042182221406,23.42899701139713,52.45067434994949,17.119916709163746
32.1114241127358,83.11652235483281,479.2710418836213,59.30528740329586,80.6851415986198,27.70220783497489
29.062258022901347,81.3733085503255,178.3879497393327,57.16040647444131,53.47923381549396,15.87548028404957
49.78469361148944,69.01100662016607,481.84923655606406,19.26192561837373,86.3905756449545,34.947335840887426
45.81101667521244,24.33271366553481,452.7132085283596,9.871267223025871,71.9635477436251,24.962863737292718
36.8192085355804,10.442985127333575,149.78395294911505,42.62830364366705,45.388931842178785,17.444217994634943
34.9282076413799,30.35233101764998,405.7000528766853,25.182122713022586,65.01105686237767,20.896628185328993
36.72311679386044,26.343563954706468,497.89001686568287,45.325063436363784,76.20509261811544,28.166365054804917
22.045923773785162,45.47406401171151,141.27824104221554,6.927185364068869,37.019005956815874,15.743038399860053
28.829821014251152,67.21823280542344,229.65304127519343,13.003954110649365,52.228785053838486,18.189653645301497
16.381083651181477,73.66583511030865,269.68675355204465,46.1823339663586,48.63555215076245,15.506121007882454
31.644111312038934,72.58912683284068,161.56694518585488,17.742239318149867,51.47704937737266,17.808772680662127
34.00586043851821,33.77404489784542,27.327123030094285,56.455260545744096,42.86683979462715,11.663251640683661
22.971240763612336,59.978747476854636,125.6620372148128,8.515453262608126,37.65452442658872,13.122253497773288
48.74100965079298,30.026735801937605,155.32970448404404,17.92891896713448,55.70778529956659,20.729175563817797
46.83091138280347,9.872443458814617,232.92785663272983,64.91361490910413,63.530166893116444,22.181921946030485
40.27501324095671,61.125221248235384,102.1291896384329,30.98456615520756,53.111977520541174,18.16298280015596
33.668532006787686,5.786204205583028,439.16209121200285,47.17793981267861,70.16355724260431,25.348597209079557
45.44892058766897,37.734606996679084,358.3573437110413,15.95978293142082,69.98679552979569,25.401415705852816
19.5728320338212,31.350341544166056,60.89622922863775,41.59212409913226,29.34290791434769,7.780159426263918
42.66784279962097,60.470203081508195,332.0443765471671,48.56636410216511,71.72118418488084,25.235648908126475
19.36872848883969,66.29963782083031,333.7551086746978,23.868598151990632,51.22905258211141,21.584146090082857
42.79737318922919,29.327570877702705,478.9861633489413,54.73382671855267,84.33977061521317,27.516395346852573
24.651864888797494,69.93016115558828,21.4500182509574,41.205054708336995,36.80044045695662,12.752025910685218
45.69817033563661,28.5133408403947,139.00757590678745,28.347380576901813,56.42943457396445,22.66292128396511
48.04147328388893,40.7061087989249,465.3399101001514,38.458543600589515,81.85510982024483,30.305551171901204
20.207858929179046,63.161482161130714,467.42427939117584,39.605650846155456,64.54052822833377,21.819089858752726
31.193646177288773,60.433618337983084,365.88148129790596,14.932117561631962,63.34831358306105,22.48111282350527
49.334558235693976,83.989477784976,387.5663941028192,29.16394219201797,82.21818759988166,28.773198139981343
31.91926025906013,23.01288193727455,63.91181980623061,25.605835281169586,35.8369210447084,11.420814659165437
45.22416328800908,57.98543308316659,266.6604006935521,29.054163354747566,71.01170779530548,24.742719567117295
35.60560327459619,53.77455266206219,131.15983581871973,50.66663530911548,54.93913057453332,18.80874650187687
28.136546777186066,78.20787635920239,106.9846609345363,33.95230444800036,48.1610189852854,17.025480051965012
25.00242444340546,17.508971331590004,408.9455835791996,61.41896919435586,61.603167147589225,20.438533730619678
22.112808188013055,65.14385308695464,84.81830560666276,22.620584801506173,37.549768997043046,11.227491848598072
41.662936698219404,50.461489301501466,244.95278575826492,29.94221469709574,66.35927862567168,23.16382635889653
28.528917738805976,26.973269583032433,470.5175550012959,52.21740862874248,67.35279988645074,26.146157287525927
32.89464117702629,42.954793131773926,109.19938667136442,37.76147559924502,46.951910226962326,16.55647296883101
32.231391800041365,31.702127765583825,489.4368433943526,37.82168878546686,67.30228418321116,23.058408795726585
35.20476602315959,51.34507222307687,497.25823316530835,8.200409780311011,70.19521571185132,25.699454206705706
45.29520009685933,76.12004886517327,286.6962342475534,28.915979763107348,69.4521200567946,24.07076260098504
49.32587702542003,50.544398752976164,101.6685152850358,21.24402394530395,59.742145233882106,23.711800219297402
29.265447300083594,55.53779346612672,171.73034621162992,64.96010736986692,47.93908612931089,16.772811381316192
43.963162273720606,46.499827769176754,223.75655968473689,23.501304237938616,60.36117229362752,22.177155897506875
41.758472812915116,9.093240515638072,168.475627691947,58.06979208763181,48.872329644740255,15.97340880206918
35.073513300945066,23.62868455008754,154.70507834072757,45.574024102428645,47.280467887931856,17.302797640781144
48.46165002641766,44.36013835456662,486.67026042385163,25.454984551525428,82.14478746902864,29.163315829575655
22.0166080434941,29.81882269957638,93.61511715955791,37.61206270244742,36.78206204312422,12.788962528104664
18.82424736083675,19.541087820895537,371.9973961840939,55.43215279695163,52.74251364412631,17.707243133689627
44.888668843439774,45.330627353475066,20.196938930803938,58.00209788185471,50.74404583939353,16.803370795309174
30.37024358218119,30.824783475828028,306.16768131314086,14.623632500368712,54.5726678756982,19.52396275246385
44.64390989724711,25.64861145387318,459.65264189794516,25.37438847249018,75.39868171672153,27.33294726539724
46.25815718183952,42.11883339523047,158.20836516474512,25.113390812814302,58.06169729267632,20.130849857995514
17.1860157766675,15.662740646573852,109.05246812370521,7.522687764556681,22.401223152086416,8.271329996911433
45.92126670451212,79.21965864603258,332.8063015416449,40.89426559111379,75.77841378221113,26.46557280657474
30.691166937929776,74.41616783353912,362.0486755032287,56.28920317953128,67.44988615064268,23.755249190083017
32.86513711514813,61.60964685924283,350.254649096951,27.894463269531066,64.1292280283186,22.144562335895667
36.93073788826236,13.497106207076497,173.27210241025955,49.40215669905062,50.9114258213581,17.845957906527794
47.423391235553034,67.07018035757544,141.05715303647884,42.662024816044394,67.05600105540097,27.516661054616478
15.66906330504174,69.63658624872151,478.84102398178123,27.53892412958005,61.203852614453425,21.888799863269835
31.6895213911236,66.42116941714701,463.18376396956614,13.463587969537825,64.24589432593032,23.454008451722174
39.070271485069625,14.117270969539293,239.51197274855375,47.55943116655804,57.45913435399417,20.767732431890103
40.294743519438,56.512636565421175,426.17305575409927,56.27391013647443,75.6839015103118,26.095140293663537
39.23863510379878,71.74598365995189,237.11526926446209,46.151269544089516,63.41197113761958,24.135173718104355
19.705229529284267,51.18827209757342,223.706728674805,6.072709042089084,38.3450863650027,12.984034572111431
25.47884559300884,56.71259001824712,95.24621484766143,17.973973663459475,36.79823389280719,14.461963685896343
27.555043389595472,41.66907835410449,224.67490711614695,9.168799093011915,42.581169620700585,14.40209887014553
43.15530226878268,47.296585590724206,277.9601305279074,39.223165974573604,67.08621222243195,22.040215499135122
24.756595534509355,7.750148668138017,30.802077165769504,50.388660730424746,27.500719663596527,10.173346194613073
22.37467373535211,56.117041757862765,233.17424248419508,11.634751224119565,45.014934758085815,14.098224631176874
48.510680666333364,11.515777031292735,395.0509848296962,55.30026923560312,80.56346064219163,29.00067156229198
15.31021497897141,39.80116754721787,346.42210705964953,38.33053870372899,45.284967734957,14.058500723097973
49.92372994886924,28.412407813392626,324.8753546546888,46.39814072850349,73.00140516661169,25.07197976260481
38.688745460008846,48.634236016937045,456.5866056498572,63.28411091651877,74.2008667148011,23.82270880539327
43.9964254807191,15.673306841856567,28.655364716110405,10.02085929486184,40.38369268287863,18.370542953111617
25.31167887211676,60.331472157865456,287.3828413722724,59.073441378667354,59.140360176790594,18.218186722452238
15.5010347183471,68.60092295427762,397.9274472366594,12.566161759244558,53.78233195270638,18.838536794041836
40.82543314965355,18.06835597945252,279.8409836966083,28.577528398200936,59.196700292857344,22.43380151399509
44.19506089502365,13.345046988150573,175.469865238582,56.086321779866864,59.431554863298324,22.355623065034948
40.91666461837317,16.64123862298873,85.40027124414937,59.37525420427209,54.78182471916175,20.450651834966315
19.99976005552935,75.17020495188014,446.0302744717718,35.382300412708716,66.97668171977739,22.965996019589873
41.369977278993915,47.2551409405085,245.96594834604943,40.64627829652551,62.16343867489352,23.783836955718236
41.91229737376743,42.38087968060021,441.49529455313666,47.48884007591343,74.67355250773484,27.50583001391047
38.048918048451924,13.536945528188342,301.2090187679208,54.96552010716285,60.594221906762755,21.526427093857677
41.814057647845516,56.96448054055694,343.6122159752004,12.29067017225997,65.91061781099783,23.42958737043913
44.60725038872063,74.4399673516072,406.045354101656,53.60415849375366,83.83540222424188,28.886506807061593
36.476143998311045,71.25486954587623,336.3946614080645,33.876569030697006,65.89389471176393,21.69838511036782
18.101164988938766,55.0843767184641,211.06632352589008,32.03740550649014,41.94935849576513,16.53800193673587
32.06697333835238,11.02229733213389,266.54402428575247,30.433985119819894,51.988745239551555,20.16437282424534
17.717726713506178,13.991762174081037,405.4618518444223,35.55269511476256,49.53284002535838,16.01033029733055
29.26400608613508,8.944718968785974,199.3521422590324,61.70303320367621,45.629654055959236,15.739701171866445
29.248727119396968,25.598337319397544,206.2982992488786,37.8922263675291,49.442416551381385,17.089710968295087
17.310344544908457,15.85291737283022,65.93125570784055,62.190652295788354,25.96781815129082,9.039752497341322
27.208718688931775,25.80384322019471,459.0005289064389,15.817407836938436,59.37162803686163,20.87651213078294
18.884933457696018,35.804644457516936,63.697431173812035,48.44815872995799,31.775309103039675,12.541650378533156
43.28823235032277,80.43862272569085,331.1404051753068,53.73437231652483,77.58436387054327,26.033701391960026
48.16908090875648,53.830084782535366,218.3333498253429,45.74772988009171,68.78949402718591,22.806802422246076
17.53107663402785,71.79790285463699,214.69730732261235,41.415336813592425,46.96071457527574,18.29117971456097
48.42903225520955,61.82812005698658,346.1848815548883,38.888766865170936,77.73510876706295,26.513320955650084
33.290180976786075,14.00025044213054,52.20499166234178,56.655828954721756,39.74410505049954,12.015883737309238
25.484798728385584,63.87363250991591,304.9787758166886,54.29879582987,58.259190309883245,19.66302169530933
17.69017263466572,27.007910524729954,390.5752572667303,12.337323270835972,46.083035844013054,15.633983442538568
32.52184938246462,56.12862775957651,417.5421237855652,55.91525942185269,73.2277031866733,27.9621402069243
42.808044057176204,32.27695789143908,101.85458690901214,29.84411716642655,49.18818836362415,18.603105245833554
39.748026704334436,84.81378106117273,450.76114403752337,20.221809799748648,80.65614079467925,29.9509302030861
16.75791040123908,26.084118359742227,334.95012408677223,57.18611408083555,48.97289779423719,18.370474691503194
17.551564237876622,27.330437661941573,443.2903043939277,30.921487978024498,52.54598415888728,19.810459963033516
29.100564892142298,79.45378044499186,252.93474421289517,53.501881410609,61.78389142265484,20.592238808058717
25.335167291678015,6.971552370905814,280.17600564665696,20.80421671735067,42.44331019441956,14.557255335016619
23.133451306961675,60.73511902985575,461.13837297376216,5.235759285333068,61.921048701857906,20.18749407611494
24.835157461804975,63.02611125887025,451.95658081024243,34.72755157417666,66.345534353686,22.90520497798455
43.12189601539096,71.91028619283195,235.11721921712098,11.013695398573056,62.12300076519118,22.769207754219025
47.52298187711489,82.95514485107803,151.71806318512725,50.26255733149458,69.3195566160523,24.463719742836673
29.178594308464824,83.0481535325322,208.7218085908468,21.56450816416462,54.58444855284032,21.071778221934554
46.713885074637396,10.222140605317112,206.12687769427987,31.618738796208724,60.16531248589967,19.345735681724054
26.25234954367587,70.7471458202322,157.6960999917411,10.222013905493254,46.04526023300074,16.866198607597617
31.675294522032708,56.704794692590504,148.91821007982395,22.19955490683516,48.42414255524572,15.075995691532023
22.91101492355999,56.7873707498473,433.31020951026534,51.88941459551432,62.33622382827104,21.958943043655324
37.41666147615454,15.267994129175584,53.533721928637604,14.095274714139167,42.88167348510117,16.119085853620128
49.26433903111831,57.01497331565227,345.2533674078052,43.829573667617446,75.58558818544773,26.133202014670374
36.12225836151825,83.59860644809983,102.9536246990971,60.04555116827007,59.120813615112425,21.51897467141978
27.52349294397421,77.94548556315576,185.36282882915035,45.79020558546322,54.09004078224631,17.49191577153681
37.67361060966849,40.13045286438804,49.54065638472169,53.66130135753361,44.94391781329467,13.234836267358558
19.302223746288565,8.195837862887547,149.5873456906218,11.538297758234947,28.541995248226932,10.825242770611132
46.10306780928895,33.98347920001639,388.8421141362762,20.043909560123268,71.90483399592983,27.78270724968904
32.607938277294274,71.11122492804442,444.8073557826841,58.67233113443546,78.88247628808465,26.114799290574787
30.727240971387474,61.119928117213284,126.33303291313618,47.906336817085354,48.01023490049185,18.636873485332337
35.50526759587317,41.747492447516514,242.50296284428248,43.37322958263867,57.31383098473975,20.124975957883528
36.867435197629085,9.408122812706488,245.75554300985908,44.826004167302,49.8396302617,15.440333309055386
17.512153217927956,39.15157822586421,439.3161467646724,29.852033258278606,58.36869134775031,18.731784019684362
38.89160274281909,42.52199517743068,386.14354538038657,7.673397897059193,63.47689286103667,22.240589661403806
23.467608811043533,79.28444263153088,266.27706481666394,52.06649252424374,57.39804006981553,19.482620592549278
39.98834213773064,56.286888286572754,341.95865622645124,45.72279417292123,70.69982496856703,22.7755692738611
43.788717803446886,29.93223333237191,426.7304258764961,33.36826784676348,73.96283252708184,23.345932462640537
43.13854776433821,47.02546115605771,24.578697932261573,58.98557692209545,53.331401198750065,17.395911427672765
34.33753385927612,10.284424625772806,213.38721490402332,25.169579899105933,50.88797501647657,18.101504768263474
33.20594623087629,82.80545885197894,455.47672029299775,22.659304653874155,74.60897709487372,26.103540854301094
20.00065864687941,33.804792154458084,375.35025480509665,57.36777950476657,56.85131668439956,19.146103903289728
42.137115264109745,43.22938839305087,280.56385968035585,52.819259285539125,68.03696219068715,24.115767558177723
24.499328315635005,33.42271793895381,274.22937297686406,35.89878863890068,50.97238767657862,19.400375766596547
32.38433979862813,59.60093840929601,186.92964685013013,12.844084367470998,48.84172431618636,17.685793276316446
24.949593252463085,57.97857266636744,269.84985614792697,17.90428828790315,52.254487010813754,18.107107446700443
19.683992704989258,62.22578484233085,334.5839357424576,44.3736794245284,57.06203418425475,21.363819974480194
37.03451939121078,26.451458368953666,220.81425844582068,28.1024742704247,55.23204555837419,17.891440492106522
16.901621218801633,30.25347849312528,362.7935102682435,55.18839149995827,50.01862466167965,17.16913932225485
41.202583194417,15.020098487696636,433.3914690849852,61.99730055993225,74.07256611901015,25.623766238252998
26.115537834139083,57.440797747689004,94.24872712873336,53.3382155164951,44.20463987982184,13.616194070273375
15.004714255156987,8.183770186852204,236.74257095236374,27.65272537973343,31.01202214912278,10.224396508766437
32.889519873303044,52.814586841876725,215.84964381683892,52.321185753885445,60.00757451597262,17.89021155924746
16.63981679846611,74.57567078813071,349.9831059438695,26.086500408241008,52.699111321522004,21.31295603402713
24.66593452373148,76.26657186317068,139.9363833238061,15.026005265938034,43.68270818718495,13.882827182860263
39.744177060950065,40.923020829596936,327.3204391770926,7.003592291951444,60.692729820706155,23.62162663437912
17.194136756765307,41.7442950570459,441.1948360311142,28.1430027656612,52.2672660339361,18.350669870456873
44.37684723246008,11.157534640641389,220.7031679009389,59.21355822183691,59.87534971015716,21.803668596788942
15.133697293050409,58.661202035442855,457.2875359900256,19.33919526534059,56.117416215088674,18.907895977754638
23.638835422066578,70.70075362982764,496.71859468806963,17.39078989578704,68.11773919234066,24.15310325526174
40.9316419653225,24.572404368377043,70.924183975017,63.18924711446242,50.74648548903725,18.737004381145688
26.069455240525738,38.70407053066917,131.86553023273214,6.500246771035528,37.513816602372614,14.126664432421688
18.566233582310474,72.10714694122163,476.18228071140476,52.14692902362526,65.77732709655652,24.184224568906316
27.608187158014978,75.16963741298304,479.9972895110657,24.28219734445222,71.42318807154663,24.445616759982556
24.463765023458393,24.454398421138073,66.89949218564408,7.24927741217956,31.92341302658712,10.452655050568458
44.49491657561942,49.04565076330914,27.199280181025607,60.06815241257502,54.847474002909536,16.80535141311693
25.96717711548001,20.399452050866167,97.32801116308268,13.378539812575017,34.1769240311606,12.746751927671616
42.61263651216025,13.150301131164523,498.0861360234792,38.106757023541725,76.9605391315942,28.559756763043133
46.21552506837571,77.8896401113566,106.39981597312969,21.443252445772867,56.1608648282915,22.080275209778918
30.18360968517853,70.64060033856873,261.2228512265711,8.911568131081463,52.21232548510869,18.732072871658804
46.84801003490372,65.80279214425391,427.2405086866453,7.995349139802745,79.30760679321145,26.60794271826115
28.20613188871175,8.901305505051234,29.792773130339043,11.933401930180327,27.66848905624212,7.138326954750557
48.742744577153786,72.49830341682059,310.15471148406056,9.282020833362804,73.78545972727069,27.387411004169767
18.125133358395054,40.0435260724307,152.97221545741968,50.63348693119538,41.80089279117323,11.935897626744326
39.0456743276135,32.39160986366877,433.92075989107116,34.13397213700575,72.79808786633272,24.9684246366008
32.2834914159925,48.718108882030116,156.061351646758,25.57352548093878,50.229937274848474,17.244017804281498
28.56770819094765,12.308259417884466,349.6427457353163,30.10213460792043,53.66506538984302,18.678590179668525
37.14491575620103,65.53172394819191,343.6254235747505,60.7368041343574,70.66172579736146,24.78530792913027
39.63499820720159,51.59480615106367,126.3169034526272,59.645108764288835,56.694400235145885,20.050261416852422
15.152714437760817,19.9272077498534,36.703615936808056,47.940588807354615,22.919657744732756,4.398835317538669
20.843358106151953,20.058575981523646,216.4397954169907,58.08094264530126,46.24812599564167,16.208827963279774
39.95661177220116,19.739892125813938,158.81271294361744,24.178881655257488,51.07807124650825,14.532961575110072
38.323489475237224,9.560191004154719,408.30931981458014,27.86655956049697,65.69643469116116,24.0920792515429
48.811662679503705,52.02387594973479,404.17481045856573,41.822730911253686,83.59171051708381,28.424410947273913
41.6363226587774,72.22785420708065,239.37149705246023,42.41755683783585,62.91877919954348,18.78601763200519
48.27704477059683,6.399857118991088,311.1258681551451,33.901990280740456,67.3798425265488,22.361637868214014
39.58891755371825,8.920371597701884,310.0445676737241,29.039470906277195,56.23951379493571,18.828716819450516
25.431827302380512,50.82162213495566,417.03591124525923,64.1708186965217,66.3139673661734,24.995938004493198
18.687772278779978,70.55965483088418,224.0011587791348,54.26741756706346,48.343320201127824,17.215118683020105
42.36383521707275,31.13911124549069,152.21440629944436,31.098811873282713,54.98310393610576,19.760753794162884
37.54522275165706,32.969151904617775,147.21676070746278,48.637548634374106,52.691320047944636,20.213794468111523
16.686510433765367,52.70771979974207,277.372294055458,21.17370159514757,46.386475761671754,16.09105008469838
27.60176630653424,26.93703112993176,235.59113731146203,11.010159574239793,42.982432943831384,16.175133471889588
48.48799354195002,7.1286692862147305,231.25797007276935,26.14586153316444,61.201104987018994,22.446178416354634
32.51404009985704,63.818281448127685,63.74592276305947,29.17836800740365,44.538973611088565,13.65893652352688
30.145519760689663,55.05199303531625,364.9297955312939,5.9922274736402485,55.50475240713095,21.636138708940578
31.01948618057529,51.46047992445273,122.59361023131714,53.887520098153765,46.97719788915338,14.311566591097641
22.31089534018073,64.33473031934585,114.53774250018625,26.55160414335089,39.00989803420814,15.02951428618962
27.904750980267835,59.018467004963,218.12399373314886,39.82508994680882,54.35913385989243,16.7500872956039
27.94346395955118,21.470559054265692,129.33360397654468,9.437791236257357,36.90440931014706,13.818398440778981
16.832425706561533,33.19848375546809,300.2519683078474,15.499809725035039,39.342607794505184,16.562785045302075
41.86486699812714,15.08881133429,198.3024028805463,58.3816235196536,57.695982975568235,19.874126056623567
29.577655116635764,15.388561073430482,235.47762684453926,41.52125167296805,52.42106241287957,17.962838380228128
43.77629603857481,59.09565970852314,277.84127436993384,62.01704301022913,72.41629923560528,26.26136473143712
44.76218003919634,73.68800855859986,117.69705079126632,64.92500206347901,63.72208801517362,21.808636121366952
22.419791914453032,82.01860670889113,94.7607789754543,27.311606919985664,41.757016479116864,17.342373823305135
38.007371875954505,55.267769403955555,442.6025133793303,22.928183844996475,74.48047984207348,26.356456318913757
31.52986314570436,19.728105868876558,228.1873773590821,56.5013633095458,51.315509447005724,17.480174044120915
45.80548582725198,13.452027635914456,217.8049326236188,64.91668562224726,64.18749987133457,21.655196663123572
22.550923771175896,70.02807772294062,37.09383213096391,42.77847405394744,36.59495051034302,11.408809973360526
38.72346201085155,51.30051810879994,259.02862524194876,52.70844335069134,65.77428391712385,22.079366890857113
36.27132427884529,54.46280168109759,286.00146637328004,51.90475152891647,64.96093314144397,22.210316509017495
25.335551715014148,67.51696710037675,288.2436180582399,26.32038249317282,55.29702999713223,18.62250188874841
19.78103162779104,61.26217821859613,359.37496127498446,39.456222815425235,54.28863549128261,18.01375951074326
37.80739161670468,71.75666022848773,105.19128079568566,54.98341647585281,54.58500299745387,22.25301289463751
40.85091103463157,9.497112436790278,141.06710443069704,46.286832575663325,52.48339226635757,16.824044678490914
26.04695703171725,64.80165093972039,409.1506233105981,6.269828838922296,59.93525396943449,21.197287770771332
37.569141140780985,73.06822058576763,474.6418960848291,25.20234013385201,78.4108825154627,28.332590395053252
28.829581766402615,27.89080339666515,85.24771873631391,13.66854179567632,34.554484207944554,13.039231466156192
39.96224091489162,56.23578191946023,258.87178616250475,18.978332724682346,63.03482898847529,21.974279532292645
21.972534621291857,30.13296510695777,122.80460131500169,59.32936864947954,37.95429868785075,12.922950682976799
46.1575250922661,81.63768531859633,48.83512081039157,7.213597334646089,53.34944275347741,19.349626200576353
25.059335876295293,7.6738857948403005,176.241602300545,18.188042717715426,37.70574117352318,13.596791885700414
27.87250957146535,51.3834275066364,88.97006008842212,23.574161134293888,41.947098692584945,14.29304629025346
17.033218322812242,18.320283763961207,360.7678752484382,42.01304431798369,46.58271338217896,13.96113182617599
18.902927431244674,61.977616414172694,276.18819856229334,37.04610140515193,52.963826471129934,17.835453681395606
33.055166594931485,19.07122267349297,89.04054607534923,18.096168971203166,38.749305285516975,11.842431604369754
24.365743685479003,23.830660951868605,24.435962434646896,14.854464033389267,24.81392122845548,7.684133104859928
44.2418079009768,44.54966488366065,407.91538353162207,19.20788207576713,74.11206015140505,25.989055910767206
15.514268602923384,78.18679599975025,104.57331495883881,35.15177760209933,35.71525041503866,13.038441861258454
28.268291703517768,21.937149771837667,310.9839882659677,21.270667142672206,51.58088871624141,20.7239901776231
26.807094136918245,16.539201689448284,181.7225182768379,61.85615009646333,45.39801221793315,15.08319470792088
15.676467082116035,65.71814654832245,301.0332503912171,32.83191328573085,48.310043882239654,18.070453811696602
19.352893965017856,45.04956258671448,171.51374095151553,8.527760992678225,33.640776243837855,12.233211722000004
29.477493622152235,77.9428089905417,61.730989132282005,48.755984350198005,48.53984856845236,18.93294350491801
32.25026045566064,16.729164572787383,127.01600410772173,24.730717292539378,38.42140821690499,14.311835955310187
29.15014115392042,56.67423144184315,110.26811190995629,44.209335923494855,43.638105099941875,13.76061464405018
33.582818744423285,23.630331692145205,225.44928917102905,21.77566223139392,50.03778457982654,14.928655559002442
35.82960862169885,17.540834292131144,335.97621604455554,39.24462450399919,63.62521058779632,22.735716255229967
15.347333739474248,59.67435321258164,146.62691597425163,51.32915028844788,38.120453653028,12.549482281709214
31.243330580872637,52.49476959269866,25.793568944296617,60.68052450647323,44.7450207331792,14.190286637686825
48.72247343106559,65.3861966689865,269.0899348470833,20.667628665984623,72.72140241907832,23.551124289877794
33.16612980453421,29.757006115694587,310.7645548923066,25.09141705993887,57.96383062945099,20.528803966688578
38.713979361063366,40.837732510575194,482.1778371208687,32.85598521715638,74.92058755942989,28.483767194770508
25.91523502709091,37.43773410643348,302.94598548475847,60.630490264159334,54.03347229634831,18.298706785162842
42.08969823534669,83.72715711732114,246.16282850150807,59.08321140863943,67.48759379230115,24.506063293918388
42.05225186566403,28.379916539151033,295.23278043089783,10.392696806038282,59.52407357693312,20.6800262266002
33.24536166789486,28.58537906774135,465.392302333773,12.915789545228652,67.66284488714106,21.74792257684428
49.160483814772476,33.36385670628859,417.6215098887902,34.7305506398383,76.27964651471532,27.800093295415987
19.394257516692868,50.16752650322572,175.02979201462784,11.39715636832541,38.32120532037468,11.770383796090082
15.593168271135335,25.18581954109962,133.88209455542588,25.73485240092185,27.400256592695257,9.622529753333687
41.955537411498355,78.22319523034191,146.06413393571535,13.90312269304866,57.72070412674496,19.689965821852777
43.25044380777089,26.25484518930108,262.12209906330224,43.16242130791315,64.46877217419781,23.90368641281777
19.20725301922017,76.66525852481557,377.1437365897173,61.9697259043497,60.799479868037494,19.692591465107093
24.295399153551212,13.278005091726772,261.5452194478218,64.80402621766288,49.334872840436034,17.853510355855548
15.614332717832012,57.525016191972185,52.542269997494046,27.51446794981489,27.89863310798035,8.504825476770069
25.265801377319764,77.5588414750595,367.3187362111908,40.94075822687674,64.81775592247111,21.91955675437171
42.0599655871535,18.499955071858363,406.86566176205787,56.376059211444876,73.42791913530701,20.246971356047297
33.128618469940264,82.4661568079404,158.95897525746543,12.04772436778304,51.83406539513625,21.280070745724547
27.183345760890084,41.230668833240934,338.7803548560082,46.3738646631179,61.38743950291958,22.3114392252612
28.01087532172156,80.65720867528196,224.76411250610883,29.530619703504094,55.784041676477216,18.373393357859776
15.047376900041385,59.14560349040376,446.77729074917255,17.368769616809843,53.284701466184565,16.962661980665107
25.493018464783255,29.126949589884124,425.7082679171551,29.165217124846517,58.55776775217836,19.751745583943414
37.626055957327566,20.064201993368513,272.2073591886283,9.557617217895011,53.378566526182695,19.75781758639312
49.0968055335725,29.29880369800795,351.92266199052534,46.724428915358345,75.14240888262617,23.461715720541772
44.64712894443648,12.441392741013999,444.0078564906099,20.164560124907183,76.59413202067428,26.59556957829449
15.825823762593519,16.50943730746638,257.94416483757226,23.68433870269268,37.318346887774354,15.717384219415033
46.449621163619376,13.372835227718491,170.36035543463453,12.264877894487764,48.771167368766385,15.368989075116527
42.41194446545191,38.83548349932462,381.759746196599,56.879546833393505,73.51811193521587,25.851916735471033
42.313164324984314,68.64627010060691,125.63180229665205,34.60665675696431,54.02076206899029,22.212231447033236
31.029851565125,16.310684337307215,206.4949510429002,39.32881266718402,46.68393577120513,17.28760496445795
28.9301852534076,15.42563465378687,435.54907381126094,39.16596098569128,57.566945391799706,20.337316617858075
25.602050509161742,56.47431596138646,367.7227233292712,29.629586872480505,57.18299561708957,20.77400314834485
17.299320063402803,20.7746385574453,213.82928251879963,16.551794926288366,31.24680068371368,10.335082236785233
22.988237722279468,12.808803048719328,123.07736115601156,49.707964909904,36.79678411625923,14.82832136864589
23.631127224230863,18.34788625644621,190.86482759947353,12.623375921460461,36.82204079242402,12.288719242998088
31.942697439857056,78.89851167014208,156.36999162916783,11.23242741672863,50.545391219550254,14.752114513738622
41.16055423088429,70.71770022209526,104.52285821304989,47.608702255790206,57.44483889519675,19.518738957408175
31.583343993928132,33.32516498840753,376.7997985115152,17.53022122711903,56.35715765696072,18.274903385121195
17.024555730650622,57.46566138619143,140.99354568808232,23.40636508116994,36.47985116929158,12.346156890955907
48.522643034587134,47.982053893443045,238.00038568052662,33.51364802010441,71.30756263273399,24.56902083283595
47.99535116829393,59.16994107860511,205.21253448133234,31.961079003772774,67.02094309644268,25.253464883462296
42.4816340101943,59.61369219702075,491.3971417451028,47.514747503899954,83.26113283321632,30.18433558162229
49.69647655474772,55.298721204799435,207.72427719114586,42.40590760660166,65.79454127663051,23.42298767818377
34.0568816480092,26.288109482984687,58.3915917424423,43.663769736911945,39.69768061229352,13.889770097303836
48.69689225886221,8.12051366102545,63.11636123460033,47.84325983932744,52.33456686142794,16.728811388212787
17.646176421586276,41.445342559208704,303.5617862494711,22.55676364540792,46.951698418698896,13.161331590046096
27.798826189147995,76.2779107752563,307.6945048343675,24.339998708028418,59.218237928032,20.896123291900377
22.888344380236802,50.559780681486075,221.0043154316744,31.279864873733246,47.43327139086056,17.793606792161683
21.854157944699452,71.59128333615263,227.28497230977425,23.447730382011564,48.89699917477993,16.95144888630609
19.928103211243663,84.32994743689825,45.88763976361818,64.0962721382518,41.97378855621932,13.888544510496711
36.78447745480988,18.0892963310621,267.94232498684585,53.84311558528578,57.271865627104745,20.741906217307978
42.346264951155675,60.34221113135858,262.2749481825688,14.879281295361775,63.76104864098156,22.191368723407024
35.24044397971262,58.943485896001974,91.78367290733337,5.335649352912171,42.52421518576405,17.412091602978357
20.14369483558734,83.39643578866227,69.84290533324524,7.566996094836071,34.62928195813202,13.969341198448634
43.38933194767148,83.84805871622403,79.31479548775543,19.643807062575515,56.30869526364399,21.14730542781039
37.258414750730495,59.93428893793036,68.4935583158041,11.857477150211393,48.642917145327,18.161622172179303
28.585799714444843,24.48918335857554,312.6599338576447,37.000286893554325,51.094503967149834,15.947825266825257
38.594560343762204,68.88446705044792,114.31167315340093,56.479713363641515,58.24168119581785,21.379078971615147
24.096674273499147,13.562330736883048,140.68647304998245,49.20501325479364,41.1515029339054,14.96751496333675
27.08172729729737,67.45594433373029,103.31462919269107,17.936543784931423,43.09585646091075,15.993186853905508
47.11200450961966,77.81568993157572,479.7609461352815,28.957955361547153,88.74796497848718,31.80070197269009
25.167657698499713,35.626671581474824,430.21638231288097,35.473652571876656,61.83632811478351,22.321858721946327
31.44958938552778,55.45082359864644,130.63752192873002,53.61235097020013,52.87749784423829,22.558423949807793
46.15493980886051,39.411418567746104,177.23182108262048,55.34729618636989,60.973692369861865,21.226513824523774
39.77024725936346,40.021204399050276,120.74856430639863,59.58309871446656,52.01179588177952,19.608634629866827
17.177112915764596,29.829671128649604,256.1004605411954,35.55471503017251,41.20974996317264,13.716927771714419
20.155606549763963,65.97036963602596,29.413055587641725,46.65648478615178,30.421842481513966,11.833607244361396
15.27445567701709,79.89412513332041,342.25664427046195,11.70802227403623,52.29551462947669,19.71240995566552
37.08226265802072,80.26006873875689,271.115911912468,38.91733759723893,68.68398431884216,24.58603362729778
30.66856988936464,18.982502789994705,451.34668558452955,19.92150856826811,60.95572800620581,23.838375215736782
19.699619781579642,74.97949197252528,98.90848847763878,30.903013101596667,37.60338877862715,11.834772017978876
48.52769423698697,63.994515314169774,405.9724381093432,43.04303049840316,82.84371276098247,28.26446805384153
33.538090338096694,25.226992055223143,400.14128694402353,20.419156271226868,61.645474790182696,21.894486305599177
23.46626529395112,10.382769033721164,81.04697082410573,8.131103467805666,27.419649595981568,10.918087638819882
32.52112499041476,26.439781350750238,211.30842758918124,5.61403138452545,46.69292582344728,16.611668320148947
38.78671164572877,77.97665894252205,101.67326774936811,6.329572132671293,50.40196878478175,19.569327629439464
17.668372629074756,55.65429399166178,142.26584021962347,5.50098425082618,35.113692517313474,11.297257574610237
24.61463352667622,62.68437287182975,146.3581639186613,11.621303393472528,41.89151597973984,12.951162858676113
43.24379218093978,25.572188088727668,286.99346913237093,19.369322874207793,60.073524030468484,21.487925915468725
31.088270464093142,62.55105244598562,217.47724724502345,18.27329085093795,54.75737700249476,19.04931153670262
34.130199971130324,7.249720502233901,474.91174592302656,64.2077956507938,68.09146853043393,24.646309566189203
30.148560077331425,35.0257076618411,80.65766813456247,23.360366312536595,38.171604546422955,13.318958154948279
16.53649799250518,55.1402678833865,487.37222472809543,12.645247001563947,59.35659296699601,20.264777852513415
20.801242293705457,16.687725243305618,130.7065473028467,37.733752650065476,32.23800081570168,11.170893927910003
30.593957355966182,70.84028595575478,390.9794894632895,56.4774473238505,71.1570910946508,24.948255225317556
22.321491289277475,23.80250390495349,182.70556456295427,45.68362260726051,41.82986913160711,14.182982246289992
16.749266003088756,57.182489025475704,88.67906980031067,22.76492534812702,29.715405498941205,10.09569385514428
44.527738241813836,37.41577140602637,431.78680891819516,38.696969587487295,76.8428160019388,26.28959559519821
49.34173852074405,52.68348763821177,168.25323163350234,47.89135845202455,65.68225515225726,24.273786983094148
42.76000058988588,13.59604421031265,336.2505940288843,48.68626954206454,65.636654344965,23.263860527496448
44.882472259663345,6.353023993728586,291.89296884158074,44.99230731786133,68.32226140378236,27.297920199576975
23.469199561096588,77.7651541904241,246.44302850761966,57.24862548653708,54.34330713558861,19.261214324373704
48.62194414296199,26.570400701374624,257.99334687129874,57.20632750064626,71.12484278879481,24.06740877058519
21.892399655869994,70.57416022243673,371.474198764298,39.7361935644202,58.99423471843155,24.653995213745638
48.30004336266413,84.94802403777601,62.13099877925147,30.79138214667274,57.95690471067084,20.905356215306295
49.818675288808286,21.914500639912895,340.7267177397945,43.49421773390599,73.41207373140159,27.17941298632978
39.9102982011117,26.213659294668446,449.98980867131775,54.092720082227785,76.38529227117513,27.623006769715033
49.34003061271377,58.02878301077325,47.73833456953479,5.339126290471084,54.121776838995956,19.877138437595203
34.933892284848625,82.2358907680497,87.51360283216003,64.51982054089106,58.750097082774985,21.366015055999952
24.083962411163164,78.26514785525951,363.9833296169751,15.973626339751954,64.65821438024248,20.977248185920768
30.294855998296732,45.23004160524679,229.89519115741643,33.21493913959857,52.35907413361169,18.876969518106208
35.77463273825751,68.60882260213798,213.70333799057042,57.321784090572,60.732905191269005,19.26922486116879
17.557854670945524,15.859668247992085,85.7439845812332,18.502423942651962,25.97626496861019,8.830148484394766
36.782014261603614,83.19505473632098,263.2496195445383,33.60771343402299,64.60101900618189,21.52193046731873
49.34122428668031,82.14825872287892,80.74174937426108,12.954930810870751,61.149777355231784,21.93862735310421
21.653767742430468,18.098316630333677,248.7778190290594,28.704579523291557,38.95853464541022,14.136676496900927
42.74082907009341,28.953849984248528,386.5353435015952,15.628127287580151,72.56247349613601,26.11858455979538
46.77645778228668,13.012399800541354,143.96689178583847,26.81766492626942,54.99389979993733,19.678809789101695
48.02955574870773,26.737407911854376,250.7773607262691,27.40785300756332,60.5360705734999,20.277386688045365
48.60474615419065,70.27646315321653,496.16766531048114,64.59024737589996,91.96612335999589,31.796637941971042
33.251087355251514,35.26524857322076,349.5922032099379,64.68878175822633,67.23552801999732,24.913029048880787
49.20577677970263,12.07175737174067,423.8512502264953,11.887176719636745,74.89582876052604,27.81532508212571
41.50585724970536,32.37804198231237,219.12685114906196,48.55812675970083,57.79267167446739,18.50726043812376
20.658500268293665,83.51066673930241,388.57324310041054,8.104728780146068,58.83739734058865,18.296697620437058
31.69150372637895,55.37468762073623,39.44440301183448,6.811520920231318,33.49890900689406,10.634284077605853
40.14159113802014,38.29287571249262,78.99736762027759,11.320033654697859,44.82549593472418,17.25673495020184
23.65691105366792,18.323081079781602,117.47388460162982,62.92913942047604,41.111133671290084,16.21122283022608
37.421531424211054,83.89414378269558,212.9369238153054,61.451812873681845,65.10273032416458,21.398887792855845
38.33101676663168,70.6679207410503,425.9575415963663,16.635669216840828,70.4447090117669,25.11661218472292
20.694491033299805,27.518184196073552,186.20770437820664,14.700340133222692,36.110337945740845,15.390265280719426
34.77798593584647,10.605495657695156,334.21817288742216,19.432105190956822,54.375062493459595,19.65423908857136
42.00694188425127,9.530044590204643,360.470861505672,35.93281964450853,66.66039718267594,25.463393941786215
32.461348258757965,14.630251960442706,301.36752996240386,39.18227792212459,53.08615890859416,20.0782454731326
15.42360908716376,51.46148668915373,191.47614472166538,18.29560582636684,34.52982459950971,10.720140550486532
15.316346417775225,79.30107369643939,296.98560402250126,50.39736728539671,48.0948497264225,16.54822526900226
27.496027038950427,44.739474240478756,184.28748453907818,23.573190164159044,45.315354701950454,15.91250586312043
47.41679239511237,72.43563859649578,60.2593945049658,60.32787953176462,61.313395948896485,21.61588866414578
23.003687286126308,40.670929588784624,496.5459095292869,44.40336238740384,63.22837107670351,23.504423307004082
37.202729110509054,61.68668366142602,81.04757774360523,31.181071658216702,49.53055251552437,17.948720523846642
22.77265547426622,63.549818982920065,54.727224241307525,52.39472010217072,41.120603539626615,9.987909823202141
26.2584496380842,18.91709647226709,441.6947596194348,54.074877562799884,62.056803976801376,19.750620982241394
44.681473136051935,33.89728471806494,164.88063722858965,22.428896336536617,56.11187777027318,16.358085847131548
40.51015047944814,55.98417252304191,332.14254755528367,25.38287263016506,68.22847175150713,24.143012974010496
18.33897470596237,10.655728654749295,177.92275023787175,61.157309223716204,35.052230385806276,12.629012109233837
30.004570734525174,33.923215021036526,207.89804998134616,14.884462301796315,49.884525738284516,17.88442144631566
16.02094172758426,47.783957302495395,145.81422656806234,7.529025017776052,30.32521817950095,9.175433961253407
31.831155131105316,84.6979594435711,184.6611227806449,32.243319356572954,57.01431749929603,20.96622713243359
38.185190409537384,42.96268500979526,217.1361922815407,53.072594014617735,61.31231823821054,22.53370512807648
19.147591825935304,70.28454056914589,365.7997131643246,51.30008637864475,58.51612798176916,18.59792119281147
25.110972861820798,39.56538280532942,265.5373732327001,60.17183773476995,54.420768705917176,16.848211744897704
28.924281892575493,68.71125780957671,472.91130423534895,36.99203986214241,72.3261210487673,25.313944837728148
47.18358586296174,52.63318412960867,40.102589042612244,11.003880293992,47.185730927480456,19.202679235038197
49.76392553980374,75.92763532019187,261.4727948633735,40.321338460160966,74.59902717640216,28.65927362503872
16.571895464846556,37.875404188008794,300.4278986392247,51.703736861192695,46.1299262231437,16.99058071877237
41.63527732233872,53.34435358571831,461.6945533156515,10.599687216189583,74.2192445760163,24.881740594235584
28.01034232408201,55.40149444950619,43.59609133828524,15.359444065855385,33.35642435982042,13.005012515170025
28.736036518031803,38.39063534403786,295.27980076890367,5.7374396693402545,52.48951224182362,17.692692887424702
41.3992740671458,16.54496349499852,429.7423656934194,40.61915476680862,74.68985108099096,24.99018732333612
47.1449251250893,12.484752552986844,136.12530949723356,58.20406351675427,59.388296816501814,17.569953638342643
48.282500807589194,6.333724047970648,440.62032729148996,45.23979896012597,79.42336903484066,27.95175245971571
35.19929051134123,74.88274113961717,29.140836451660075,63.922405255458926,49.87420463696673,16.51117059923229
27.499240575517597,23.917992979095565,371.57822198419024,8.782019149985693,51.57962744048333,18.19751517346192
42.56421800505727,21.920539942541446,467.89434616095343,59.180065109089774,76.98918054865462,23.49717664767352
23.78504841418051,63.88283203408524,335.4548775872299,53.84409724320084,61.07244870536358,21.63009705575278
34.742591009173125,30.60128904699134,230.73403711061502,23.854491229970296,52.39755932984287,14.692464019487563
27.55024615337056,45.483575392946925,41.54288790690465,63.41159311023511,40.67509097767284,15.868192222088322
37.982087579775666,18.0008852237965,461.6546303948618,22.276264890284903,71.174247619176,25.693823517914225
23.41396195127274,81.77965771695754,245.7421868919559,58.35828342969311,57.34685164144272,19.65340091736807
21.7057531007189,73.12651200137898,33.918437281255045,57.84491462445136,37.294113847493136,13.897019636745714
47.1383680336403,74.10316983720026,351.1141142378057,50.459456996178346,79.25083409746419,26.270680540117137
18.563128903233792,37.541899885760415,251.28188171660392,38.80822842877111,44.97953905680325,15.851401943303475
32.70852677072261,65.98889709657382,79.68575237235714,12.200164977013284,45.46950506344025,17.10648782989459
22.729847403705314,16.510092431182414,122.85046846892459,36.9183040697899,35.63732848351969,7.831631095594806
16.36254871639836,5.689520207342422,50.95552661880621,26.407775339296073,25.076670697465804,8.105998204596746
16.260658640199924,6.59783460624225,295.6608990601153,52.53302198932111,45.46919679581307,15.880252683330012
21.132762023703958,51.928138992364836,318.5741500409644,50.487752389810694,55.09022869607417,18.98713961700731
45.336962407710004,41.43159241983526,262.7563032106133,59.636750442356316,67.71962447240269,25.887521304682046
24.886756039195934,46.44122791268158,412.20902384125515,5.889809745902472,53.95164705595509,17.197224782199953
48.26607097013535,5.597051233377552,433.2842342278465,53.54619300938276,76.65700351123228,25.898212363763452
35.356780254621775,38.81492957259405,315.4997104079008,61.30772318748013,66.45731643061191,20.386257211251497
30.281496641906813,62.445452896068865,26.123110259566662,52.358026946489005,46.553645259942044,18.559205817889435
35.303109213430915,40.41549615739487,353.7102347589131,12.811667592222003,61.729660523759776,21.23594596940272
33.08444348291937,63.57753650497778,220.63962412176875,9.876746290453264,55.19736829484748,18.661465571141555
41.557168881506385,23.641517151746783,291.46759194866576,6.250714388462049,57.59703834034985,20.080239395656378
24.887362309049827,70.05136035853803,331.5586889690645,42.72471354968426,60.975770886407936,22.295873552888263
27.356763706010582,52.07449923627618,188.11357487699684,42.780359111593235,50.622729623678765,18.239000473561752
46.293300588663776,21.861047954392497,460.20728248246127,64.21482285309273,77.74266500802752,31.18175907314526
48.125977960264194,23.937638068306633,84.30793603989498,28.882590446245743,51.29219034596066,18.633170453691893
46.2395379620266,55.24243716556296,342.32566749489797,24.914377093849804,74.69939016534714,25.446918414117878
29.680679788505977,71.39516745699547,22.092598379158606,42.46549563106355,42.61573688303456,14.073472802776173
42.31279260524086,38.25022256233241,463.8325305944868,54.53652035045564,77.45394599249127,26.51974266874673
31.671750665538458,25.66403433020738,74.00198395428392,61.206436971380114,38.25067651750419,11.134981394181708
32.41389482511357,74.36092855284804,65.54443047083582,53.187449970742314,48.54001092405002,17.048800134654883
22.16380381700494,58.54146334006679,179.84366386507725,30.600438836948285,43.3296389018028,16.340575774944355
35.68956061404808,40.84683898264612,199.31181729875868,43.09485411872385,53.019063381138054,17.636626782463463
21.514756421367178,44.03201562234415,122.86403471498174,56.37795960296702,40.757254013545364,13.05396882031471
26.60476446735178,21.34051743491171,300.85839724501983,34.43658129870437,51.47726210483599,20.290959456133944
44.92605705669773,55.144210405187515,232.5987670601425,18.001198622323564,64.40736504498784,20.402853030813997
22.247653322379932,33.69940084343109,36.404282739721964,15.183406384872377,22.858552781316277,4.898765908744745
17.49053998107015,84.65161413394794,173.4329898825443,5.009464674683404,36.917551011779224,11.191789938651654
17.41526574144857,43.414681220951024,409.00779851512186,48.09427969887706,55.33632676120443,17.057065290735103
47.92745821760877,43.87084849516906,351.05673673369694,11.665832530759431,72.30745918619029,25.886949811323472
32.742215328664216,50.268142992853754,367.93800971834264,19.630345981756427,63.272457559494406,21.60430339514868
29.32942251359564,78.34048024949973,355.0961235600913,22.8725798913676,64.28259000631374,22.169375934674047
43.38075033527714,69.06544798878002,169.267050263856,38.6227916082061,61.663816759385924,23.31173713124723
44.253907476868065,41.09040558382731,67.83868259685242,28.877436637746154,49.78547581733489,16.387914244323046
26.62668615904616,62.495941277823675,150.78424833588608,45.480439521389705,46.27118461149184,17.357548731640602
39.276632011582834,51.898839902460935,419.2569440888765,8.338319559722162,71.28169444560018,27.215577254764867
41.98929855481603,44.389363896099916,490.62598293587416,12.436351655866368,74.52930632342361,25.40176346617777
37.912774040308406,20.385261822748042,257.04656707594944,34.952690211996,58.07458245021109,21.43163814090835
20.305827618003477,42.11490107639128,24.656170363060266,25.21788727080979,28.306090981952384,9.544404974889865
45.655907923097,24.66548696180597,87.22150982442994,22.748801765081584,49.489794937131364,18.70757542125716
33.86830934576031,78.18737198813237,174.59867615180758,9.021684742251363,51.020051911937614,15.499784387813754
24.88653492295013,31.832545079707756,297.72096732461586,58.74315048488009,51.20537233140827,15.453611948304875
29.882986490319286,81.18112116266978,56.044949986550705,46.50911516750305,45.35555766260164,15.287543609549262
16.314988163961758,47.64442320757689,472.81150338074315,12.297089409178962,54.392172570162316,17.703873185967154
19.475338042784614,55.52355029409283,195.24016317651234,8.902757464228436,34.10938827242476,11.163222231203838
41.79413626805513,48.43523555914622,458.040424603915,63.49235200587458,81.43904976075999,28.174377542595284
15.000407216437814,15.350449357336071,394.65046532337044,45.87035302637029,50.330048060634354,18.6955371189764
29.579803996880226,35.065697520635275,382.60989080747896,30.04736426562449,61.13330660236567,20.78516644297908
33.28785633799559,12.931688982209915,311.22539829547134,47.10386244534709,56.09252775340611,18.396592747757506
16.91220470003403,54.83632353467054,320.8562321848854,50.37990718880955,51.5061507384016,17.499882693302208
49.05773570403165,40.74993561603512,326.2415529037991,51.79773214332676,74.48293449052777,24.915309151974792
22.914386593738516,67.23879772567494,321.7862657722794,33.67263833918346,56.05026591017064,18.216584815465648
25.646955187269832,22.637638479949587,285.7895510712134,30.79296548749088,51.39768921392286,15.569666004507546
25.63798792892596,18.165284674346793,493.47872887178664,5.66168505613402,60.5245038214439,21.287793511836984
23.06458317410725,37.50657847710143,371.4994723643341,60.59342690851028,59.78040883181281,20.0700845312389
15.0515837730209,79.12683065747049,392.9342664284102,41.198472703336584,56.315416542735214,21.159813898809332
40.52706779307987,61.83374520099294,438.7821512401636,17.189236231398084,76.366948563228,24.557337859041386
48.83959249297499,38.513889983433494,123.5070861084076,60.1762051652862,58.71710035463548,19.737859791550598
22.850271914976577,46.38177358034484,60.22599636562917,59.89591410621778,37.50515550867637,15.84616525902485
38.20665171311978,11.737040894167867,251.78932956732734,64.35104986196575,60.31156053711979,19.69963191234515
40.96637144355503,83.76607171008905,266.7587338972511,57.44339378833873,73.69816082488028,25.43955641056391
44.69488826816837,58.31258437559352,418.0072543759605,64.86706326920388,84.36979838179444,27.70566345939
29.792021895476317,27.8323254770738,233.01611805552113,19.681171287396353,47.72085187844747,14.679656888285143
25.602581697415022,51.86467153721955,294.0094522612701,55.53497511195405,56.384545661772385,22.05555745625185
26.38532969080609,13.758589285519518,272.99405048645997,54.38169852774587,51.12640169457024,18.150799832055302
39.941746658447954,82.26693350460668,38.33733620354771,18.856421553244026,47.7651033131314,16.918304416952424
43.58728132769726,18.982799030669277,315.3031503665187,10.906252940059446,59.65714705012221,18.33552711486844
21.356488871481094,56.84242544441713,417.4607771716411,63.76523082065598,64.06659735744805,22.961421157269267
27.982935285521783,24.636357003114433,95.60026307638583,22.76147309123662,36.3718544926829,14.466281991429753
46.56790688622025,62.40491061188286,305.27923228476595,57.25350742806837,72.512450493287,27.103573263893246
43.23427318931587,67.14570937922248,304.9330613342789,5.247629280476234,67.66454333941695,24.685090013205173
49.47004409668666,58.87357831291461,98.80878274705219,6.261488433176132,57.763641920015544,18.523046305612333
41.39868908887283,54.1599568204154,79.2625153907533,32.952278521782105,51.3442187568353,18.440161690681844
28.761832035977278,76.39752751616093,490.4249326287127,19.322881036103816,76.30818418337012,27.70924190489445
35.67232418981232,11.290136879180643,208.98520143345803,46.39047700615786,50.121684772318346,14.850924292678066
38.13549889865621,31.473181262415615,129.16242978729406,38.93385953407726,49.11055200006377,15.50677381279964
17.74595357109934,24.86299837046768,102.23578133809997,9.649147847029486,25.671033186294984,10.317097597818407
34.05739356863528,84.04111696523373,340.44882251995284,14.757697778943024,65.63936729335695,24.287847217682824
39.82622899654133,36.15118237334988,312.53374271709384,28.282956203504856,62.54399523228594,19.567523780867987
20.856245640037113,63.609015939231895,328.9050190339604,16.136243837325992,48.741256837128525,18.251972081898742
42.322110109894496,59.778013110480366,62.24289320549708,52.533340834635716,53.59305896277603,18.900525735702033
35.432047317993906,21.966498998190218,448.89660007924977,29.9642141331968,67.1487353371511,24.67357079991361
48.32776249941581,24.119814416924108,206.8478704683432,10.605912010549956,60.731807546200706,20.304350656019334
16.48478043724121,27.50276508424273,170.41731508657182,34.06057413632749,38.51273402042487,14.447232151870057
24.286414814441343,37.890182260750336,241.93349467891483,10.45029086368485,46.21185030870309,17.439890769774518
36.05438577549384,23.746005252042146,207.23171155886155,12.736238325189031,47.18033377586064,15.986114418367654
25.379596927207572,6.572118619747824,434.51696150679004,19.376589921692318,53.08214769347867,18.60538051197746
40.00484574249347,75.35144454457564,466.0452680949882,56.571662314849384,83.69277093229009,28.319687382044545
41.56518488826758,82.24878651047072,165.657543895811,60.476751939978314,69.3941477290241,26.765410128187252
18.588058742326606,32.32563096252544,434.6891875807783,54.57546375992415,57.6131814873771,19.984205611593335
32.98490624723687,32.080550354037825,395.13110217587223,25.044633045070835,59.781974442855784,19.54065456723375
32.81116944568696,5.567345021949679,466.78768272548564,21.3467864665299,61.80636175050993,20.558487741866347
27.924826957543935,59.420055066429924,137.96014984922616,37.94934144741435,47.84552681157207,16.93609028576339
47.65237018993852,71.0351916598903,296.94039205806996,48.31118963198674,77.84448141764668,28.375565253843654
43.96272119556274,16.728664028800253,151.7814006754134,64.6023672896105,57.13265088786735,17.992687543027788
39.40232836683729,17.77330794937206,415.56535543249964,12.894242712735572,66.48629778651862,26.04169422969519
40.00143225072492,68.20665999771502,22.555611474110844,7.9575199414282665,40.40148176139246,14.603531557570786
31.16006503345917,54.30325986833157,291.11319818547014,46.66135333971626,60.32503097002484,21.813444798962813
47.234808238380154,8.588844610217361,182.81764701052063,54.933547010234335,61.44242898860105,21.35906583027521
39.310839953864985,54.803759236982536,174.88817939735372,55.780926791985394,58.21438568357154,20.403923440276728
40.51433715795358,29.713417827501285,329.5550354551601,45.70781294462964,64.79434537287521,22.45559617361522
45.15918163255708,34.498012437667676,428.7125356707171,62.24094824715122,76.47059239842638,28.291401293003172
24.592505626976685,66.57851346375041,312.4137878687966,35.66028581267521,59.803864406248955,20.919459661007078
43.24748163533461,69.87481541380885,429.5230297504268,59.82888790017275,82.25249573456472,29.938948834836715
21.83342110347722,37.02853014718645,147.00661370289438,63.06872821949138,42.803384236856765,14.330413197871009
27.086968328571075,80.77223488050838,269.36089028719095,55.82944742018646,61.824141643744156,21.931910367778926
26.746365899444495,37.51701743616578,236.2575387521965,23.585513795517237,49.956168059562444,16.278778304487723
49.24839139361992,66.74688281840879,25.589551761486184,16.772939070217717,53.29035276587826,20.476415816881698
44.97880283117744,43.710181165140725,287.26982870755523,37.88720389890911,66.98205556152925,22.193098585456564
39.54094515565909,76.80258612176672,337.53167559016396,32.18088502281131,71.72376592021791,24.61584890568428
40.446986656538655,77.62089949201429,304.11891412115364,57.66550053156398,76.09513743796467,26.160857484605515
34.67254780408999,11.993344629686709,373.41435141604234,11.001900264029222,56.90739951176485,19.386662747607044
48.14817334879817,79.91946650481806,294.242973657477,20.464403678691117,72.1172148874295,26.324768864764728
32.36905635088266,71.04278732163326,52.040122328363324,50.107936671122516,44.27123279260904,15.019944830308198
28.318119845446308,68.30485714501336,75.89385156066149,10.699198698638728,37.2986562450933,15.145416481594264
20.706236792605687,21.072907174841795,306.30779722109713,24.245864841302012,46.3599492879298,14.998269621580178
42.51719782913703,69.4095367003732,151.99001214734727,28.22932364323899,58.456001186529,20.71366662019921
40.7055376226457,73.01061877480295,58.229661936687606,42.3556277937614,52.427861400601046,17.186072506241466
28.452426348344723,28.132026756332074,226.20931685530246,14.487958743161876,43.45417121750915,15.840419099925402
15.881769488573028,81.1808062689859,286.0748470801546,56.63626942098257,53.168763178786435,18.585142522110097
44.36490647013038,8.98881171193314,177.79807440781116,31.852534127976455,53.357563972192246,18.442554323219568
15.399629420892577,16.992740259771175,365.8081770683734,60.02130271283339,48.503394499146424,18.758900524456536
39.62949228701679,48.00649104412115,329.00989188859745,33.072194818035896,69.3585070337743,23.29396465523835
48.958998840411994,51.06339768978478,179.75281332400255,21.502415536444,65.55721187026418,23.824796891019464
30.31814648518712,56.61200666407227,382.3388138761091,13.509729721260493,58.21995320202168,19.2235437516954
23.224069174858347,6.357530345237317,331.37362041585703,5.224705682677088,44.13061030916491,15.614741408448277
39.67048535151836,81.82934196977043,325.973781784593,36.929449099090135,70.55086568994328,22.899439999144978
43.599484970545475,8.56704741873152,285.64529637779265,11.429401815615405,57.296085295914466,19.05985413410995
34.125061062724654,16.44495621787219,25.467040682505342,28.503665817870694,36.239994160585134,12.560783387845499
48.84623463396512,6.121161402084558,354.32344806890677,40.356305674225204,70.13754997333572,27.27011624165212
16.80840525802864,50.348674663527575,200.5000597323951,21.541153814162016,38.57225703621239,13.651495768363999
32.66784594065848,79.58135071367778,472.45266087615465,15.513457541966915,74.7053142532541,28.628862462438992
40.14588815628925,58.275773286437136,412.6326901170586,51.4832973565605,77.68627519249463,27.520681254909498
45.19241649022126,70.81259747843418,302.09334537502986,61.80747033689723,75.45832300141572,25.82978668378309
21.273946416772652,6.062496276686407,141.04735127324932,11.02642507171796,28.118650531781885,12.150562470024699
43.00012186172885,48.361223878378084,117.78434877327996,14.335419463100472,49.06769195819053,17.829218618476812
34.34474765014909,41.76503820044175,183.3847220852236,62.60075943516312,53.81260943470448,17.870330911322494
28.87937886964871,44.917435537663444,248.7526129184089,7.267053308734777,52.21608852713056,18.98148817359614
19.610026000268274,10.777054826815036,162.11144481869462,63.65794019302833,36.16236446950192,12.217935439464256
45.285351561811936,59.7548288855446,267.16615778839173,5.278668985099326,62.260474571880934,18.80761480590138
20.50456228629004,45.257633188690754,99.37780424632925,57.42011933907988,38.99147101956537,15.050974595746304
25.842575072318475,66.21190798890112,489.30215015624,23.43951085926497,67.9847687998666,25.4370701634162
25.15159361868529,43.823250724937225,71.80378638319706,61.31533149063779,40.08917414690527,16.788123996405258
45.4994911966799,16.950530898114565,467.3331870340986,24.01671731813513,77.90454723414862,27.89980707024491
